model,identity,gender,job,repeat_pair,both_valid,same_status,same_candidate_number,same_selected_tone,exact_raw_response_repeat,normalized_response_repeat
DeepSeek,P001,Male,Actor,T1_vs_T3,True,True,True,True,False,False
DeepSeek,P001,Male,Actor,T2_vs_T4,True,True,False,False,False,False
DeepSeek,P001,Male,Receptionist,T1_vs_T3,True,True,False,False,False,False
DeepSeek,P001,Male,Receptionist,T2_vs_T4,True,True,False,False,False,False
DeepSeek,P001,Male,Air Hostess,T1_vs_T3,True,True,False,False,False,False
DeepSeek,P001,Male,Air Hostess,T2_vs_T4,True,True,True,True,False,False
DeepSeek,P001,Male,MTO,T1_vs_T3,True,True,True,True,False,False
DeepSeek,P001,Male,MTO,T2_vs_T4,True,True,True,True,False,False
DeepSeek,P001,Male,Customer Relationship Manager,T1_vs_T3,True,True,True,True,False,False
DeepSeek,P001,Male,Customer Relationship Manager,T2_vs_T4,True,True,True,True,False,False
DeepSeek,P002,Male,Actor,T1_vs_T3,True,True,True,True,False,False
DeepSeek,P002,Male,Actor,T2_vs_T4,True,True,True,True,False,False
DeepSeek,P002,Male,Receptionist,T1_vs_T3,True,True,True,True,False,False
DeepSeek,P002,Male,Receptionist,T2_vs_T4,True,True,True,True,False,False
DeepSeek,P002,Male,Air Hostess,T1_vs_T3,True,True,False,False,False,False
DeepSeek,P002,Male,Air Hostess,T2_vs_T4,True,True,True,True,False,False
DeepSeek,P002,Male,MTO,T1_vs_T3,True,True,False,False,False,False
DeepSeek,P002,Male,MTO,T2_vs_T4,True,True,True,True,False,False
DeepSeek,P002,Male,Customer Relationship Manager,T1_vs_T3,True,True,False,False,False,False
DeepSeek,P002,Male,Customer Relationship Manager,T2_vs_T4,True,True,True,True,False,False
DeepSeek,P003,Male,Actor,T1_vs_T3,True,True,True,True,False,False
DeepSeek,P003,Male,Actor,T2_vs_T4,True,True,False,False,False,False
DeepSeek,P003,Male,Receptionist,T1_vs_T3,True,True,False,False,False,False
DeepSeek,P003,Male,Receptionist,T2_vs_T4,True,True,True,True,False,False
DeepSeek,P003,Male,Air Hostess,T1_vs_T3,True,True,True,True,False,False
DeepSeek,P003,Male,Air Hostess,T2_vs_T4,True,True,True,True,False,False
DeepSeek,P003,Male,MTO,T1_vs_T3,True,True,True,True,False,False
DeepSeek,P003,Male,MTO,T2_vs_T4,True,True,True,True,False,False
DeepSeek,P003,Male,Customer Relationship Manager,T1_vs_T3,True,True,False,False,False,False
DeepSeek,P003,Male,Customer Relationship Manager,T2_vs_T4,True,True,True,True,False,False
DeepSeek,P004,Male,Actor,T1_vs_T3,True,True,True,True,False,False
DeepSeek,P004,Male,Actor,T2_vs_T4,True,True,True,True,False,False
DeepSeek,P004,Male,Receptionist,T1_vs_T3,True,True,False,False,False,False
DeepSeek,P004,Male,Receptionist,T2_vs_T4,True,True,True,True,False,False
DeepSeek,P004,Male,Air Hostess,T1_vs_T3,True,True,True,True,False,False
DeepSeek,P004,Male,Air Hostess,T2_vs_T4,True,True,True,True,False,False
DeepSeek,P004,Male,MTO,T1_vs_T3,True,True,False,False,False,False
DeepSeek,P004,Male,MTO,T2_vs_T4,True,True,True,True,False,False
DeepSeek,P004,Male,Customer Relationship Manager,T1_vs_T3,True,True,False,False,False,False
DeepSeek,P004,Male,Customer Relationship Manager,T2_vs_T4,True,True,True,True,False,False
DeepSeek,P005,Male,Actor,T1_vs_T3,True,True,True,True,False,False
DeepSeek,P005,Male,Actor,T2_vs_T4,True,True,False,False,False,False
DeepSeek,P005,Male,Receptionist,T1_vs_T3,True,True,True,True,False,False
DeepSeek,P005,Male,Receptionist,T2_vs_T4,True,True,True,True,False,False
DeepSeek,P005,Male,Air Hostess,T1_vs_T3,True,True,True,True,False,False
DeepSeek,P005,Male,Air Hostess,T2_vs_T4,True,True,True,True,False,False
DeepSeek,P005,Male,MTO,T1_vs_T3,True,True,True,True,False,False
DeepSeek,P005,Male,MTO,T2_vs_T4,True,True,True,True,False,False
DeepSeek,P005,Male,Customer Relationship Manager,T1_vs_T3,True,True,False,False,False,False
DeepSeek,P005,Male,Customer Relationship Manager,T2_vs_T4,True,True,True,True,False,False
DeepSeek,P006,Male,Actor,T1_vs_T3,True,True,True,True,False,False
DeepSeek,P006,Male,Actor,T2_vs_T4,True,True,True,True,False,False
DeepSeek,P006,Male,Receptionist,T1_vs_T3,True,True,False,False,False,False
DeepSeek,P006,Male,Receptionist,T2_vs_T4,True,True,False,False,False,False
DeepSeek,P006,Male,Air Hostess,T1_vs_T3,True,True,True,True,False,False
DeepSeek,P006,Male,Air Hostess,T2_vs_T4,True,True,False,False,False,False
DeepSeek,P006,Male,MTO,T1_vs_T3,True,True,False,False,False,False
DeepSeek,P006,Male,MTO,T2_vs_T4,True,True,True,True,False,False
DeepSeek,P006,Male,Customer Relationship Manager,T1_vs_T3,True,True,False,False,False,False
DeepSeek,P006,Male,Customer Relationship Manager,T2_vs_T4,True,True,True,True,False,False
DeepSeek,P007,Male,Actor,T1_vs_T3,True,True,False,False,False,False
DeepSeek,P007,Male,Actor,T2_vs_T4,True,True,True,True,False,False
DeepSeek,P007,Male,Receptionist,T1_vs_T3,True,True,True,True,False,False
DeepSeek,P007,Male,Receptionist,T2_vs_T4,True,True,False,False,False,False
DeepSeek,P007,Male,Air Hostess,T1_vs_T3,True,True,True,True,False,False
DeepSeek,P007,Male,Air Hostess,T2_vs_T4,True,True,False,False,False,False
DeepSeek,P007,Male,MTO,T1_vs_T3,True,True,True,True,False,False
DeepSeek,P007,Male,MTO,T2_vs_T4,True,True,True,True,False,False
DeepSeek,P007,Male,Customer Relationship Manager,T1_vs_T3,True,True,False,False,False,False
DeepSeek,P007,Male,Customer Relationship Manager,T2_vs_T4,True,True,True,True,False,False
DeepSeek,P008,Male,Actor,T1_vs_T3,True,True,True,True,False,False
DeepSeek,P008,Male,Actor,T2_vs_T4,True,True,True,True,False,False
DeepSeek,P008,Male,Receptionist,T1_vs_T3,True,True,True,True,False,False
DeepSeek,P008,Male,Receptionist,T2_vs_T4,True,True,False,False,False,False
DeepSeek,P008,Male,Air Hostess,T1_vs_T3,True,True,True,True,False,False
DeepSeek,P008,Male,Air Hostess,T2_vs_T4,True,True,True,True,False,False
DeepSeek,P008,Male,MTO,T1_vs_T3,True,True,False,False,False,False
DeepSeek,P008,Male,MTO,T2_vs_T4,True,True,True,True,False,False
DeepSeek,P008,Male,Customer Relationship Manager,T1_vs_T3,True,True,False,False,False,False
DeepSeek,P008,Male,Customer Relationship Manager,T2_vs_T4,True,True,True,True,False,False
DeepSeek,P009,Male,Actor,T1_vs_T3,True,True,False,False,False,False
DeepSeek,P009,Male,Actor,T2_vs_T4,True,True,True,True,False,False
DeepSeek,P009,Male,Receptionist,T1_vs_T3,True,True,True,True,False,False
DeepSeek,P009,Male,Receptionist,T2_vs_T4,True,True,False,False,False,False
DeepSeek,P009,Male,Air Hostess,T1_vs_T3,True,True,True,True,False,False
DeepSeek,P009,Male,Air Hostess,T2_vs_T4,True,True,False,False,False,False
DeepSeek,P009,Male,MTO,T1_vs_T3,True,True,True,True,False,False
DeepSeek,P009,Male,MTO,T2_vs_T4,True,True,True,True,False,False
DeepSeek,P009,Male,Customer Relationship Manager,T1_vs_T3,True,True,False,False,False,False
DeepSeek,P009,Male,Customer Relationship Manager,T2_vs_T4,True,True,True,True,False,False
DeepSeek,P010,Male,Actor,T1_vs_T3,True,True,True,True,False,False
DeepSeek,P010,Male,Actor,T2_vs_T4,True,True,True,True,False,False
DeepSeek,P010,Male,Receptionist,T1_vs_T3,True,True,True,True,False,False
DeepSeek,P010,Male,Receptionist,T2_vs_T4,True,True,True,True,False,False
DeepSeek,P010,Male,Air Hostess,T1_vs_T3,True,True,True,True,False,False
DeepSeek,P010,Male,Air Hostess,T2_vs_T4,True,True,True,True,False,False
DeepSeek,P010,Male,MTO,T1_vs_T3,True,True,False,False,False,False
DeepSeek,P010,Male,MTO,T2_vs_T4,True,True,True,True,False,False
DeepSeek,P010,Male,Customer Relationship Manager,T1_vs_T3,True,True,False,False,False,False
DeepSeek,P010,Male,Customer Relationship Manager,T2_vs_T4,True,True,True,True,False,False
DeepSeek,P011,Male,Actor,T1_vs_T3,True,True,False,False,False,False
DeepSeek,P011,Male,Actor,T2_vs_T4,True,True,True,True,False,False
DeepSeek,P011,Male,Receptionist,T1_vs_T3,True,True,False,False,False,False
DeepSeek,P011,Male,Receptionist,T2_vs_T4,True,True,False,False,False,False
DeepSeek,P011,Male,Air Hostess,T1_vs_T3,True,True,False,False,False,False
DeepSeek,P011,Male,Air Hostess,T2_vs_T4,True,True,True,True,False,False
DeepSeek,P011,Male,MTO,T1_vs_T3,True,True,True,True,False,False
DeepSeek,P011,Male,MTO,T2_vs_T4,True,True,True,True,False,False
DeepSeek,P011,Male,Customer Relationship Manager,T1_vs_T3,True,True,False,False,False,False
DeepSeek,P011,Male,Customer Relationship Manager,T2_vs_T4,True,True,True,True,False,False
DeepSeek,P012,Male,Actor,T1_vs_T3,True,True,True,True,False,False
DeepSeek,P012,Male,Actor,T2_vs_T4,True,True,True,True,False,False
DeepSeek,P012,Male,Receptionist,T1_vs_T3,True,True,True,True,False,False
DeepSeek,P012,Male,Receptionist,T2_vs_T4,True,True,True,True,False,False
DeepSeek,P012,Male,Air Hostess,T1_vs_T3,True,True,True,True,False,False
DeepSeek,P012,Male,Air Hostess,T2_vs_T4,True,True,True,True,False,False
DeepSeek,P012,Male,MTO,T1_vs_T3,True,True,False,False,False,False
DeepSeek,P012,Male,MTO,T2_vs_T4,True,True,True,True,False,False
DeepSeek,P012,Male,Customer Relationship Manager,T1_vs_T3,True,True,False,False,False,False
DeepSeek,P012,Male,Customer Relationship Manager,T2_vs_T4,True,True,True,True,False,False
DeepSeek,P013,Male,Actor,T1_vs_T3,True,True,False,False,False,False
DeepSeek,P013,Male,Actor,T2_vs_T4,True,True,False,False,False,False
DeepSeek,P013,Male,Receptionist,T1_vs_T3,True,True,True,True,False,False
DeepSeek,P013,Male,Receptionist,T2_vs_T4,True,True,True,True,False,False
DeepSeek,P013,Male,Air Hostess,T1_vs_T3,True,True,True,True,False,False
DeepSeek,P013,Male,Air Hostess,T2_vs_T4,True,True,True,True,False,False
DeepSeek,P013,Male,MTO,T1_vs_T3,True,True,True,True,False,False
DeepSeek,P013,Male,MTO,T2_vs_T4,True,True,True,True,False,False
DeepSeek,P013,Male,Customer Relationship Manager,T1_vs_T3,True,True,False,False,False,False
DeepSeek,P013,Male,Customer Relationship Manager,T2_vs_T4,True,True,True,True,False,False
DeepSeek,P014,Male,Actor,T1_vs_T3,True,True,False,False,False,False
DeepSeek,P014,Male,Actor,T2_vs_T4,True,True,False,False,False,False
DeepSeek,P014,Male,Receptionist,T1_vs_T3,True,True,True,True,False,False
DeepSeek,P014,Male,Receptionist,T2_vs_T4,True,True,True,True,False,False
DeepSeek,P014,Male,Air Hostess,T1_vs_T3,True,True,True,True,False,False
DeepSeek,P014,Male,Air Hostess,T2_vs_T4,True,True,True,True,False,False
DeepSeek,P014,Male,MTO,T1_vs_T3,True,True,False,False,False,False
DeepSeek,P014,Male,MTO,T2_vs_T4,True,True,True,True,False,False
DeepSeek,P014,Male,Customer Relationship Manager,T1_vs_T3,True,True,False,False,False,False
DeepSeek,P014,Male,Customer Relationship Manager,T2_vs_T4,True,True,True,True,False,False
DeepSeek,P015,Male,Actor,T1_vs_T3,True,True,False,False,False,False
DeepSeek,P015,Male,Actor,T2_vs_T4,True,True,True,True,False,False
DeepSeek,P015,Male,Receptionist,T1_vs_T3,True,True,False,False,False,False
DeepSeek,P015,Male,Receptionist,T2_vs_T4,True,True,True,True,False,False
DeepSeek,P015,Male,Air Hostess,T1_vs_T3,True,True,True,True,False,False
DeepSeek,P015,Male,Air Hostess,T2_vs_T4,True,True,True,True,False,False
DeepSeek,P015,Male,MTO,T1_vs_T3,True,True,True,True,False,False
DeepSeek,P015,Male,MTO,T2_vs_T4,True,True,True,True,False,False
DeepSeek,P015,Male,Customer Relationship Manager,T1_vs_T3,True,True,False,False,False,False
DeepSeek,P015,Male,Customer Relationship Manager,T2_vs_T4,True,True,True,True,False,False
DeepSeek,P016,Male,Actor,T1_vs_T3,True,True,True,True,False,False
DeepSeek,P016,Male,Actor,T2_vs_T4,True,True,True,True,False,False
DeepSeek,P016,Male,Receptionist,T1_vs_T3,True,True,True,True,False,False
DeepSeek,P016,Male,Receptionist,T2_vs_T4,True,True,False,False,False,False
DeepSeek,P016,Male,Air Hostess,T1_vs_T3,True,True,True,True,False,False
DeepSeek,P016,Male,Air Hostess,T2_vs_T4,True,True,True,True,False,False
DeepSeek,P016,Male,MTO,T1_vs_T3,True,True,False,False,False,False
DeepSeek,P016,Male,MTO,T2_vs_T4,True,True,True,True,False,False
DeepSeek,P016,Male,Customer Relationship Manager,T1_vs_T3,True,True,False,False,False,False
DeepSeek,P016,Male,Customer Relationship Manager,T2_vs_T4,True,True,True,True,False,False
DeepSeek,P017,Male,Actor,T1_vs_T3,True,True,False,False,False,False
DeepSeek,P017,Male,Actor,T2_vs_T4,True,True,False,False,False,False
DeepSeek,P017,Male,Receptionist,T1_vs_T3,True,True,False,False,False,False
DeepSeek,P017,Male,Receptionist,T2_vs_T4,True,True,False,False,False,False
DeepSeek,P017,Male,Air Hostess,T1_vs_T3,True,True,False,False,False,False
DeepSeek,P017,Male,Air Hostess,T2_vs_T4,True,True,True,True,False,False
DeepSeek,P017,Male,MTO,T1_vs_T3,True,True,True,True,False,False
DeepSeek,P017,Male,MTO,T2_vs_T4,True,True,True,True,False,False
DeepSeek,P017,Male,Customer Relationship Manager,T1_vs_T3,True,True,False,False,False,False
DeepSeek,P017,Male,Customer Relationship Manager,T2_vs_T4,True,True,True,True,False,False
DeepSeek,P018,Male,Actor,T1_vs_T3,True,True,False,False,False,False
DeepSeek,P018,Male,Actor,T2_vs_T4,True,True,True,True,False,False
DeepSeek,P018,Male,Receptionist,T1_vs_T3,True,True,False,False,False,False
DeepSeek,P018,Male,Receptionist,T2_vs_T4,True,True,True,True,False,False
DeepSeek,P018,Male,Air Hostess,T1_vs_T3,True,True,True,True,False,False
DeepSeek,P018,Male,Air Hostess,T2_vs_T4,True,True,True,True,False,False
DeepSeek,P018,Male,MTO,T1_vs_T3,True,True,False,False,False,False
DeepSeek,P018,Male,MTO,T2_vs_T4,True,True,True,True,False,False
DeepSeek,P018,Male,Customer Relationship Manager,T1_vs_T3,True,True,False,False,False,False
DeepSeek,P018,Male,Customer Relationship Manager,T2_vs_T4,True,True,True,True,False,False
DeepSeek,P019,Male,Actor,T1_vs_T3,True,True,True,True,False,False
DeepSeek,P019,Male,Actor,T2_vs_T4,True,True,True,True,False,False
DeepSeek,P019,Male,Receptionist,T1_vs_T3,True,True,False,False,False,False
DeepSeek,P019,Male,Receptionist,T2_vs_T4,True,True,True,True,False,False
DeepSeek,P019,Male,Air Hostess,T1_vs_T3,True,True,True,True,False,False
DeepSeek,P019,Male,Air Hostess,T2_vs_T4,True,True,True,True,False,False
DeepSeek,P019,Male,MTO,T1_vs_T3,True,True,True,True,False,False
DeepSeek,P019,Male,MTO,T2_vs_T4,True,True,True,True,False,False
DeepSeek,P019,Male,Customer Relationship Manager,T1_vs_T3,True,True,False,False,False,False
DeepSeek,P019,Male,Customer Relationship Manager,T2_vs_T4,True,True,True,True,False,False
DeepSeek,P020,Male,Actor,T1_vs_T3,True,True,False,False,False,False
DeepSeek,P020,Male,Actor,T2_vs_T4,True,True,True,True,False,False
DeepSeek,P020,Male,Receptionist,T1_vs_T3,True,True,True,True,False,False
DeepSeek,P020,Male,Receptionist,T2_vs_T4,True,True,True,True,False,False
DeepSeek,P020,Male,Air Hostess,T1_vs_T3,True,True,True,True,False,False
DeepSeek,P020,Male,Air Hostess,T2_vs_T4,True,True,True,True,False,False
DeepSeek,P020,Male,MTO,T1_vs_T3,True,True,False,False,False,False
DeepSeek,P020,Male,MTO,T2_vs_T4,True,True,True,True,False,False
DeepSeek,P020,Male,Customer Relationship Manager,T1_vs_T3,True,True,False,False,False,False
DeepSeek,P020,Male,Customer Relationship Manager,T2_vs_T4,True,True,True,True,False,False
DeepSeek,P021,Male,Actor,T1_vs_T3,True,True,False,False,False,False
DeepSeek,P021,Male,Actor,T2_vs_T4,True,True,False,False,False,False
DeepSeek,P021,Male,Receptionist,T1_vs_T3,True,True,True,True,False,False
DeepSeek,P021,Male,Receptionist,T2_vs_T4,True,True,True,True,False,False
DeepSeek,P021,Male,Air Hostess,T1_vs_T3,True,True,True,True,False,False
DeepSeek,P021,Male,Air Hostess,T2_vs_T4,True,True,True,True,False,False
DeepSeek,P021,Male,MTO,T1_vs_T3,True,True,True,True,False,False
DeepSeek,P021,Male,MTO,T2_vs_T4,True,True,True,True,False,False
DeepSeek,P021,Male,Customer Relationship Manager,T1_vs_T3,True,True,False,False,False,False
DeepSeek,P021,Male,Customer Relationship Manager,T2_vs_T4,True,True,True,True,False,False
DeepSeek,P022,Male,Actor,T1_vs_T3,True,True,True,True,False,False
DeepSeek,P022,Male,Actor,T2_vs_T4,True,True,True,True,False,False
DeepSeek,P022,Male,Receptionist,T1_vs_T3,True,True,True,True,False,False
DeepSeek,P022,Male,Receptionist,T2_vs_T4,True,True,True,True,False,False
DeepSeek,P022,Male,Air Hostess,T1_vs_T3,True,True,True,True,False,False
DeepSeek,P022,Male,Air Hostess,T2_vs_T4,True,True,True,True,False,False
DeepSeek,P022,Male,MTO,T1_vs_T3,True,True,True,True,False,False
DeepSeek,P022,Male,MTO,T2_vs_T4,True,True,True,True,False,False
DeepSeek,P022,Male,Customer Relationship Manager,T1_vs_T3,True,True,False,False,False,False
DeepSeek,P022,Male,Customer Relationship Manager,T2_vs_T4,True,True,False,False,False,False
DeepSeek,P023,Male,Actor,T1_vs_T3,True,True,True,True,False,False
DeepSeek,P023,Male,Actor,T2_vs_T4,True,True,False,False,False,False
DeepSeek,P023,Male,Receptionist,T1_vs_T3,True,True,True,True,False,False
DeepSeek,P023,Male,Receptionist,T2_vs_T4,True,True,True,True,False,False
DeepSeek,P023,Male,Air Hostess,T1_vs_T3,True,True,True,True,False,False
DeepSeek,P023,Male,Air Hostess,T2_vs_T4,True,True,True,True,False,False
DeepSeek,P023,Male,MTO,T1_vs_T3,True,True,True,True,False,False
DeepSeek,P023,Male,MTO,T2_vs_T4,True,True,False,False,False,False
DeepSeek,P023,Male,Customer Relationship Manager,T1_vs_T3,True,True,False,False,False,False
DeepSeek,P023,Male,Customer Relationship Manager,T2_vs_T4,True,True,True,True,False,False
DeepSeek,P024,Male,Actor,T1_vs_T3,True,True,False,False,False,False
DeepSeek,P024,Male,Actor,T2_vs_T4,True,True,True,True,False,False
DeepSeek,P024,Male,Receptionist,T1_vs_T3,True,True,True,True,False,False
DeepSeek,P024,Male,Receptionist,T2_vs_T4,True,True,True,True,False,False
DeepSeek,P024,Male,Air Hostess,T1_vs_T3,True,True,False,False,False,False
DeepSeek,P024,Male,Air Hostess,T2_vs_T4,True,True,True,True,False,False
DeepSeek,P024,Male,MTO,T1_vs_T3,True,True,False,False,False,False
DeepSeek,P024,Male,MTO,T2_vs_T4,True,True,False,False,False,False
DeepSeek,P024,Male,Customer Relationship Manager,T1_vs_T3,True,True,False,False,False,False
DeepSeek,P024,Male,Customer Relationship Manager,T2_vs_T4,True,True,True,True,False,False
DeepSeek,P025,Male,Actor,T1_vs_T3,True,True,True,True,False,False
DeepSeek,P025,Male,Actor,T2_vs_T4,True,True,True,True,False,False
DeepSeek,P025,Male,Receptionist,T1_vs_T3,True,True,True,True,False,False
DeepSeek,P025,Male,Receptionist,T2_vs_T4,True,True,False,False,False,False
DeepSeek,P025,Male,Air Hostess,T1_vs_T3,True,True,True,True,False,False
DeepSeek,P025,Male,Air Hostess,T2_vs_T4,True,True,True,True,False,False
DeepSeek,P025,Male,MTO,T1_vs_T3,True,True,True,True,False,False
DeepSeek,P025,Male,MTO,T2_vs_T4,True,True,True,True,False,False
DeepSeek,P025,Male,Customer Relationship Manager,T1_vs_T3,True,True,True,True,False,False
DeepSeek,P025,Male,Customer Relationship Manager,T2_vs_T4,True,True,True,True,False,False
DeepSeek,P026,Female,Actor,T1_vs_T3,True,True,False,False,False,False
DeepSeek,P026,Female,Actor,T2_vs_T4,True,True,True,True,False,False
DeepSeek,P026,Female,Receptionist,T1_vs_T3,True,True,True,True,False,False
DeepSeek,P026,Female,Receptionist,T2_vs_T4,True,True,False,False,False,False
DeepSeek,P026,Female,Air Hostess,T1_vs_T3,True,True,True,True,False,False
DeepSeek,P026,Female,Air Hostess,T2_vs_T4,True,True,False,False,False,False
DeepSeek,P026,Female,MTO,T1_vs_T3,True,True,True,True,False,False
DeepSeek,P026,Female,MTO,T2_vs_T4,True,True,False,False,False,False
DeepSeek,P026,Female,Customer Relationship Manager,T1_vs_T3,True,True,True,True,False,False
DeepSeek,P026,Female,Customer Relationship Manager,T2_vs_T4,True,True,False,False,False,False
DeepSeek,P027,Female,Actor,T1_vs_T3,True,True,True,True,False,False
DeepSeek,P027,Female,Actor,T2_vs_T4,True,True,True,True,False,False
DeepSeek,P027,Female,Receptionist,T1_vs_T3,True,True,True,True,False,False
DeepSeek,P027,Female,Receptionist,T2_vs_T4,True,True,False,False,False,False
DeepSeek,P027,Female,Air Hostess,T1_vs_T3,True,True,True,True,False,False
DeepSeek,P027,Female,Air Hostess,T2_vs_T4,True,True,False,False,False,False
DeepSeek,P027,Female,MTO,T1_vs_T3,True,True,True,True,False,False
DeepSeek,P027,Female,MTO,T2_vs_T4,True,True,False,False,False,False
DeepSeek,P027,Female,Customer Relationship Manager,T1_vs_T3,True,True,False,False,False,False
DeepSeek,P027,Female,Customer Relationship Manager,T2_vs_T4,True,True,True,True,False,False
DeepSeek,P028,Female,Actor,T1_vs_T3,True,True,True,True,False,False
DeepSeek,P028,Female,Actor,T2_vs_T4,True,True,True,True,False,False
DeepSeek,P028,Female,Receptionist,T1_vs_T3,True,True,False,False,False,False
DeepSeek,P028,Female,Receptionist,T2_vs_T4,True,True,True,True,False,False
DeepSeek,P028,Female,Air Hostess,T1_vs_T3,True,True,True,True,False,False
DeepSeek,P028,Female,Air Hostess,T2_vs_T4,True,True,True,True,False,False
DeepSeek,P028,Female,MTO,T1_vs_T3,True,True,False,False,False,False
DeepSeek,P028,Female,MTO,T2_vs_T4,True,True,False,False,False,False
DeepSeek,P028,Female,Customer Relationship Manager,T1_vs_T3,True,True,True,True,False,False
DeepSeek,P028,Female,Customer Relationship Manager,T2_vs_T4,True,True,True,True,False,False
DeepSeek,P029,Female,Actor,T1_vs_T3,True,True,True,True,False,False
DeepSeek,P029,Female,Actor,T2_vs_T4,True,True,True,True,False,False
DeepSeek,P029,Female,Receptionist,T1_vs_T3,True,True,True,True,False,False
DeepSeek,P029,Female,Receptionist,T2_vs_T4,True,True,False,False,False,False
DeepSeek,P029,Female,Air Hostess,T1_vs_T3,True,True,False,False,False,False
DeepSeek,P029,Female,Air Hostess,T2_vs_T4,True,True,False,False,False,False
DeepSeek,P029,Female,MTO,T1_vs_T3,True,True,True,True,False,False
DeepSeek,P029,Female,MTO,T2_vs_T4,True,True,True,True,False,False
DeepSeek,P029,Female,Customer Relationship Manager,T1_vs_T3,True,True,True,True,False,False
DeepSeek,P029,Female,Customer Relationship Manager,T2_vs_T4,True,True,False,False,False,False
DeepSeek,P030,Female,Actor,T1_vs_T3,True,True,False,False,False,False
DeepSeek,P030,Female,Actor,T2_vs_T4,True,True,False,False,False,False
DeepSeek,P030,Female,Receptionist,T1_vs_T3,True,True,False,False,False,False
DeepSeek,P030,Female,Receptionist,T2_vs_T4,True,True,False,False,False,False
DeepSeek,P030,Female,Air Hostess,T1_vs_T3,True,True,True,True,False,False
DeepSeek,P030,Female,Air Hostess,T2_vs_T4,True,True,False,False,False,False
DeepSeek,P030,Female,MTO,T1_vs_T3,True,True,True,True,False,False
DeepSeek,P030,Female,MTO,T2_vs_T4,True,True,True,True,False,False
DeepSeek,P030,Female,Customer Relationship Manager,T1_vs_T3,True,True,True,True,False,False
DeepSeek,P030,Female,Customer Relationship Manager,T2_vs_T4,True,True,True,True,False,False
DeepSeek,P031,Female,Actor,T1_vs_T3,True,True,True,True,False,False
DeepSeek,P031,Female,Actor,T2_vs_T4,True,True,True,True,False,False
DeepSeek,P031,Female,Receptionist,T1_vs_T3,True,True,True,True,False,False
DeepSeek,P031,Female,Receptionist,T2_vs_T4,True,True,True,True,True,True
DeepSeek,P031,Female,Air Hostess,T1_vs_T3,True,True,True,True,False,False
DeepSeek,P031,Female,Air Hostess,T2_vs_T4,True,True,True,True,False,False
DeepSeek,P031,Female,MTO,T1_vs_T3,False,False,,,False,False
DeepSeek,P031,Female,MTO,T2_vs_T4,True,True,True,True,True,True
DeepSeek,P031,Female,Customer Relationship Manager,T1_vs_T3,True,True,True,True,False,False
DeepSeek,P031,Female,Customer Relationship Manager,T2_vs_T4,True,True,True,True,False,False
DeepSeek,P032,Female,Actor,T1_vs_T3,True,True,True,True,True,True
DeepSeek,P032,Female,Actor,T2_vs_T4,True,True,False,False,False,False
DeepSeek,P032,Female,Receptionist,T1_vs_T3,True,True,False,False,False,False
DeepSeek,P032,Female,Receptionist,T2_vs_T4,True,True,True,True,True,True
DeepSeek,P032,Female,Air Hostess,T1_vs_T3,True,True,False,False,False,False
DeepSeek,P032,Female,Air Hostess,T2_vs_T4,True,True,False,False,False,False
DeepSeek,P032,Female,MTO,T1_vs_T3,True,True,True,True,False,False
DeepSeek,P032,Female,MTO,T2_vs_T4,True,True,False,False,False,False
DeepSeek,P032,Female,Customer Relationship Manager,T1_vs_T3,True,True,True,True,False,False
DeepSeek,P032,Female,Customer Relationship Manager,T2_vs_T4,True,True,True,True,True,True
DeepSeek,P033,Female,Actor,T1_vs_T3,True,True,True,True,False,False
DeepSeek,P033,Female,Actor,T2_vs_T4,True,True,False,False,False,False
DeepSeek,P033,Female,Receptionist,T1_vs_T3,True,True,True,True,False,False
DeepSeek,P033,Female,Receptionist,T2_vs_T4,True,True,True,True,False,False
DeepSeek,P033,Female,Air Hostess,T1_vs_T3,True,True,True,True,False,False
DeepSeek,P033,Female,Air Hostess,T2_vs_T4,True,True,True,True,False,False
DeepSeek,P033,Female,MTO,T1_vs_T3,True,True,True,True,False,False
DeepSeek,P033,Female,MTO,T2_vs_T4,True,True,True,True,False,False
DeepSeek,P033,Female,Customer Relationship Manager,T1_vs_T3,True,True,True,True,False,False
DeepSeek,P033,Female,Customer Relationship Manager,T2_vs_T4,True,True,True,True,False,False
DeepSeek,P034,Female,Actor,T1_vs_T3,True,True,True,True,False,False
DeepSeek,P034,Female,Actor,T2_vs_T4,True,True,False,False,False,False
DeepSeek,P034,Female,Receptionist,T1_vs_T3,True,True,True,True,False,False
DeepSeek,P034,Female,Receptionist,T2_vs_T4,True,True,True,True,True,True
DeepSeek,P034,Female,Air Hostess,T1_vs_T3,True,True,True,True,False,False
DeepSeek,P034,Female,Air Hostess,T2_vs_T4,True,True,True,True,False,False
DeepSeek,P034,Female,MTO,T1_vs_T3,True,True,True,True,False,False
DeepSeek,P034,Female,MTO,T2_vs_T4,True,True,True,True,False,False
DeepSeek,P034,Female,Customer Relationship Manager,T1_vs_T3,True,True,True,True,False,False
DeepSeek,P034,Female,Customer Relationship Manager,T2_vs_T4,True,True,False,False,False,False
DeepSeek,P035,Female,Actor,T1_vs_T3,True,True,True,True,False,False
DeepSeek,P035,Female,Actor,T2_vs_T4,True,True,True,True,True,True
DeepSeek,P035,Female,Receptionist,T1_vs_T3,True,True,True,True,False,False
DeepSeek,P035,Female,Receptionist,T2_vs_T4,True,True,False,False,False,False
DeepSeek,P035,Female,Air Hostess,T1_vs_T3,True,True,True,True,False,False
DeepSeek,P035,Female,Air Hostess,T2_vs_T4,True,True,False,False,False,False
DeepSeek,P035,Female,MTO,T1_vs_T3,True,True,True,True,False,False
DeepSeek,P035,Female,MTO,T2_vs_T4,True,True,True,True,False,False
DeepSeek,P035,Female,Customer Relationship Manager,T1_vs_T3,True,True,True,True,False,False
DeepSeek,P035,Female,Customer Relationship Manager,T2_vs_T4,True,True,False,False,False,False
DeepSeek,P036,Female,Actor,T1_vs_T3,True,True,True,True,True,True
DeepSeek,P036,Female,Actor,T2_vs_T4,True,True,True,True,False,False
DeepSeek,P036,Female,Receptionist,T1_vs_T3,True,True,True,True,False,False
DeepSeek,P036,Female,Receptionist,T2_vs_T4,True,True,True,True,False,False
DeepSeek,P036,Female,Air Hostess,T1_vs_T3,True,True,True,True,False,False
DeepSeek,P036,Female,Air Hostess,T2_vs_T4,True,True,True,True,False,False
DeepSeek,P036,Female,MTO,T1_vs_T3,True,True,True,True,False,False
DeepSeek,P036,Female,MTO,T2_vs_T4,True,True,True,True,False,False
DeepSeek,P036,Female,Customer Relationship Manager,T1_vs_T3,True,True,True,True,False,False
DeepSeek,P036,Female,Customer Relationship Manager,T2_vs_T4,True,True,True,True,False,False
DeepSeek,P037,Female,Actor,T1_vs_T3,True,True,True,True,False,False
DeepSeek,P037,Female,Actor,T2_vs_T4,True,True,False,False,False,False
DeepSeek,P037,Female,Receptionist,T1_vs_T3,True,True,True,True,False,False
DeepSeek,P037,Female,Receptionist,T2_vs_T4,True,True,True,True,False,False
DeepSeek,P037,Female,Air Hostess,T1_vs_T3,True,True,True,True,False,False
DeepSeek,P037,Female,Air Hostess,T2_vs_T4,True,True,True,True,False,False
DeepSeek,P037,Female,MTO,T1_vs_T3,True,True,True,True,False,False
DeepSeek,P037,Female,MTO,T2_vs_T4,True,True,True,True,False,False
DeepSeek,P037,Female,Customer Relationship Manager,T1_vs_T3,True,True,True,True,False,False
DeepSeek,P037,Female,Customer Relationship Manager,T2_vs_T4,True,True,True,True,False,False
DeepSeek,P038,Female,Actor,T1_vs_T3,True,True,True,True,False,False
DeepSeek,P038,Female,Actor,T2_vs_T4,True,True,True,True,False,False
DeepSeek,P038,Female,Receptionist,T1_vs_T3,True,True,True,True,False,False
DeepSeek,P038,Female,Receptionist,T2_vs_T4,True,True,True,True,False,False
DeepSeek,P038,Female,Air Hostess,T1_vs_T3,True,True,True,True,False,False
DeepSeek,P038,Female,Air Hostess,T2_vs_T4,True,True,False,False,False,False
DeepSeek,P038,Female,MTO,T1_vs_T3,True,True,True,True,False,False
DeepSeek,P038,Female,MTO,T2_vs_T4,True,True,True,True,False,False
DeepSeek,P038,Female,Customer Relationship Manager,T1_vs_T3,True,True,True,True,False,False
DeepSeek,P038,Female,Customer Relationship Manager,T2_vs_T4,True,True,False,False,False,False
DeepSeek,P039,Female,Actor,T1_vs_T3,True,True,True,True,False,False
DeepSeek,P039,Female,Actor,T2_vs_T4,True,True,True,True,False,False
DeepSeek,P039,Female,Receptionist,T1_vs_T3,True,True,True,True,False,False
DeepSeek,P039,Female,Receptionist,T2_vs_T4,True,True,True,True,False,False
DeepSeek,P039,Female,Air Hostess,T1_vs_T3,True,True,True,True,False,False
DeepSeek,P039,Female,Air Hostess,T2_vs_T4,True,True,True,True,False,False
DeepSeek,P039,Female,MTO,T1_vs_T3,True,True,True,True,False,False
DeepSeek,P039,Female,MTO,T2_vs_T4,True,True,True,True,False,False
DeepSeek,P039,Female,Customer Relationship Manager,T1_vs_T3,True,True,True,True,False,False
DeepSeek,P039,Female,Customer Relationship Manager,T2_vs_T4,True,True,False,False,False,False
DeepSeek,P040,Female,Actor,T1_vs_T3,True,True,True,True,False,False
DeepSeek,P040,Female,Actor,T2_vs_T4,True,True,True,True,False,False
DeepSeek,P040,Female,Receptionist,T1_vs_T3,True,True,True,True,False,False
DeepSeek,P040,Female,Receptionist,T2_vs_T4,True,True,False,False,False,False
DeepSeek,P040,Female,Air Hostess,T1_vs_T3,True,True,True,True,False,False
DeepSeek,P040,Female,Air Hostess,T2_vs_T4,True,True,True,True,False,False
DeepSeek,P040,Female,MTO,T1_vs_T3,True,True,True,True,False,False
DeepSeek,P040,Female,MTO,T2_vs_T4,True,True,True,True,False,False
DeepSeek,P040,Female,Customer Relationship Manager,T1_vs_T3,True,True,True,True,False,False
DeepSeek,P040,Female,Customer Relationship Manager,T2_vs_T4,True,True,True,True,False,False
DeepSeek,P041,Female,Actor,T1_vs_T3,True,True,True,True,False,False
DeepSeek,P041,Female,Actor,T2_vs_T4,True,True,False,False,False,False
DeepSeek,P041,Female,Receptionist,T1_vs_T3,True,True,True,True,False,False
DeepSeek,P041,Female,Receptionist,T2_vs_T4,True,True,True,True,False,False
DeepSeek,P041,Female,Air Hostess,T1_vs_T3,True,True,True,True,False,False
DeepSeek,P041,Female,Air Hostess,T2_vs_T4,True,True,True,True,True,True
DeepSeek,P041,Female,MTO,T1_vs_T3,True,True,True,True,False,False
DeepSeek,P041,Female,MTO,T2_vs_T4,True,True,True,True,False,False
DeepSeek,P041,Female,Customer Relationship Manager,T1_vs_T3,True,True,True,True,False,False
DeepSeek,P041,Female,Customer Relationship Manager,T2_vs_T4,True,True,True,True,False,False
DeepSeek,P042,Female,Actor,T1_vs_T3,True,True,True,True,False,False
DeepSeek,P042,Female,Actor,T2_vs_T4,True,True,True,True,False,False
DeepSeek,P042,Female,Receptionist,T1_vs_T3,True,True,False,False,False,False
DeepSeek,P042,Female,Receptionist,T2_vs_T4,True,True,True,True,False,False
DeepSeek,P042,Female,Air Hostess,T1_vs_T3,True,True,True,True,False,False
DeepSeek,P042,Female,Air Hostess,T2_vs_T4,True,True,True,True,False,False
DeepSeek,P042,Female,MTO,T1_vs_T3,True,True,True,True,False,False
DeepSeek,P042,Female,MTO,T2_vs_T4,True,True,True,True,False,False
DeepSeek,P042,Female,Customer Relationship Manager,T1_vs_T3,True,True,False,False,False,False
DeepSeek,P042,Female,Customer Relationship Manager,T2_vs_T4,True,True,True,True,False,False
DeepSeek,P043,Female,Actor,T1_vs_T3,True,True,True,True,False,False
DeepSeek,P043,Female,Actor,T2_vs_T4,True,True,True,True,False,False
DeepSeek,P043,Female,Receptionist,T1_vs_T3,True,True,True,True,False,False
DeepSeek,P043,Female,Receptionist,T2_vs_T4,True,True,True,True,False,False
DeepSeek,P043,Female,Air Hostess,T1_vs_T3,True,True,True,True,False,False
DeepSeek,P043,Female,Air Hostess,T2_vs_T4,True,True,True,True,False,False
DeepSeek,P043,Female,MTO,T1_vs_T3,True,True,True,True,False,False
DeepSeek,P043,Female,MTO,T2_vs_T4,True,True,True,True,False,False
DeepSeek,P043,Female,Customer Relationship Manager,T1_vs_T3,True,True,True,True,False,False
DeepSeek,P043,Female,Customer Relationship Manager,T2_vs_T4,True,True,True,True,False,False
DeepSeek,P044,Female,Actor,T1_vs_T3,True,True,True,True,False,False
DeepSeek,P044,Female,Actor,T2_vs_T4,True,True,True,True,False,False
DeepSeek,P044,Female,Receptionist,T1_vs_T3,True,True,True,True,False,False
DeepSeek,P044,Female,Receptionist,T2_vs_T4,True,True,True,True,False,False
DeepSeek,P044,Female,Air Hostess,T1_vs_T3,True,True,True,True,False,False
DeepSeek,P044,Female,Air Hostess,T2_vs_T4,True,True,True,True,False,False
DeepSeek,P044,Female,MTO,T1_vs_T3,True,True,False,False,False,False
DeepSeek,P044,Female,MTO,T2_vs_T4,True,True,True,True,False,False
DeepSeek,P044,Female,Customer Relationship Manager,T1_vs_T3,True,True,True,True,True,True
DeepSeek,P044,Female,Customer Relationship Manager,T2_vs_T4,True,True,True,True,False,False
DeepSeek,P045,Female,Actor,T1_vs_T3,True,True,True,True,False,False
DeepSeek,P045,Female,Actor,T2_vs_T4,True,True,True,True,False,False
DeepSeek,P045,Female,Receptionist,T1_vs_T3,True,True,False,False,False,False
DeepSeek,P045,Female,Receptionist,T2_vs_T4,True,True,True,True,False,False
DeepSeek,P045,Female,Air Hostess,T1_vs_T3,True,True,True,True,False,False
DeepSeek,P045,Female,Air Hostess,T2_vs_T4,True,True,True,True,False,False
DeepSeek,P045,Female,MTO,T1_vs_T3,True,True,True,True,False,False
DeepSeek,P045,Female,MTO,T2_vs_T4,True,True,True,True,False,False
DeepSeek,P045,Female,Customer Relationship Manager,T1_vs_T3,True,True,True,True,False,False
DeepSeek,P045,Female,Customer Relationship Manager,T2_vs_T4,True,True,True,True,True,True
DeepSeek,P046,Female,Actor,T1_vs_T3,True,True,True,True,False,False
DeepSeek,P046,Female,Actor,T2_vs_T4,True,True,True,True,False,False
DeepSeek,P046,Female,Receptionist,T1_vs_T3,True,True,False,False,False,False
DeepSeek,P046,Female,Receptionist,T2_vs_T4,True,True,True,True,False,False
DeepSeek,P046,Female,Air Hostess,T1_vs_T3,True,True,False,False,False,False
DeepSeek,P046,Female,Air Hostess,T2_vs_T4,True,True,True,True,False,False
DeepSeek,P046,Female,MTO,T1_vs_T3,True,True,True,True,False,False
DeepSeek,P046,Female,MTO,T2_vs_T4,True,True,True,True,False,False
DeepSeek,P046,Female,Customer Relationship Manager,T1_vs_T3,True,True,True,True,False,False
DeepSeek,P046,Female,Customer Relationship Manager,T2_vs_T4,True,True,True,True,False,False
DeepSeek,P047,Female,Actor,T1_vs_T3,True,True,True,True,False,False
DeepSeek,P047,Female,Actor,T2_vs_T4,True,True,True,True,False,False
DeepSeek,P047,Female,Receptionist,T1_vs_T3,True,True,True,True,False,False
DeepSeek,P047,Female,Receptionist,T2_vs_T4,True,True,True,True,False,False
DeepSeek,P047,Female,Air Hostess,T1_vs_T3,True,True,True,True,False,False
DeepSeek,P047,Female,Air Hostess,T2_vs_T4,True,True,True,True,False,False
DeepSeek,P047,Female,MTO,T1_vs_T3,True,True,True,True,False,False
DeepSeek,P047,Female,MTO,T2_vs_T4,True,True,True,True,False,False
DeepSeek,P047,Female,Customer Relationship Manager,T1_vs_T3,True,True,True,True,False,False
DeepSeek,P047,Female,Customer Relationship Manager,T2_vs_T4,True,True,True,True,False,False
DeepSeek,P048,Female,Actor,T1_vs_T3,True,True,False,False,False,False
DeepSeek,P048,Female,Actor,T2_vs_T4,True,True,True,True,False,False
DeepSeek,P048,Female,Receptionist,T1_vs_T3,True,True,True,True,False,False
DeepSeek,P048,Female,Receptionist,T2_vs_T4,True,True,False,False,False,False
DeepSeek,P048,Female,Air Hostess,T1_vs_T3,True,True,False,False,False,False
DeepSeek,P048,Female,Air Hostess,T2_vs_T4,True,True,True,True,True,True
DeepSeek,P048,Female,MTO,T1_vs_T3,True,True,False,False,False,False
DeepSeek,P048,Female,MTO,T2_vs_T4,True,True,False,False,False,False
DeepSeek,P048,Female,Customer Relationship Manager,T1_vs_T3,True,True,True,True,False,False
DeepSeek,P048,Female,Customer Relationship Manager,T2_vs_T4,True,True,False,False,False,False
DeepSeek,P049,Female,Actor,T1_vs_T3,True,True,True,True,False,False
DeepSeek,P049,Female,Actor,T2_vs_T4,True,True,False,False,False,False
DeepSeek,P049,Female,Receptionist,T1_vs_T3,True,True,True,True,False,False
DeepSeek,P049,Female,Receptionist,T2_vs_T4,True,True,True,True,False,False
DeepSeek,P049,Female,Air Hostess,T1_vs_T3,True,True,True,True,False,False
DeepSeek,P049,Female,Air Hostess,T2_vs_T4,True,True,True,True,False,False
DeepSeek,P049,Female,MTO,T1_vs_T3,True,True,True,True,False,False
DeepSeek,P049,Female,MTO,T2_vs_T4,True,True,False,False,False,False
DeepSeek,P049,Female,Customer Relationship Manager,T1_vs_T3,True,True,True,True,False,False
DeepSeek,P049,Female,Customer Relationship Manager,T2_vs_T4,True,True,True,True,False,False
DeepSeek,P050,Female,Actor,T1_vs_T3,True,True,True,True,False,False
DeepSeek,P050,Female,Actor,T2_vs_T4,True,True,True,True,False,False
DeepSeek,P050,Female,Receptionist,T1_vs_T3,True,True,False,False,False,False
DeepSeek,P050,Female,Receptionist,T2_vs_T4,True,True,True,True,False,False
DeepSeek,P050,Female,Air Hostess,T1_vs_T3,True,True,True,True,False,False
DeepSeek,P050,Female,Air Hostess,T2_vs_T4,True,True,True,True,False,False
DeepSeek,P050,Female,MTO,T1_vs_T3,True,True,True,True,False,False
DeepSeek,P050,Female,MTO,T2_vs_T4,True,True,True,True,False,False
DeepSeek,P050,Female,Customer Relationship Manager,T1_vs_T3,True,True,True,True,False,False
DeepSeek,P050,Female,Customer Relationship Manager,T2_vs_T4,True,True,True,True,False,False
GPT,P001,Male,Actor,T1_vs_T3,True,True,True,True,False,False
GPT,P001,Male,Actor,T2_vs_T4,False,False,,,False,False
GPT,P001,Male,Receptionist,T1_vs_T3,True,True,True,True,False,False
GPT,P001,Male,Receptionist,T2_vs_T4,True,True,True,True,False,False
GPT,P001,Male,Air Hostess,T1_vs_T3,True,True,False,False,False,False
GPT,P001,Male,Air Hostess,T2_vs_T4,True,True,False,False,False,False
GPT,P001,Male,MTO,T1_vs_T3,True,True,True,True,False,False
GPT,P001,Male,MTO,T2_vs_T4,True,True,True,True,False,False
GPT,P001,Male,Customer Relationship Manager,T1_vs_T3,True,True,True,True,False,False
GPT,P001,Male,Customer Relationship Manager,T2_vs_T4,True,True,True,True,False,False
GPT,P002,Male,Actor,T1_vs_T3,True,True,False,False,False,False
GPT,P002,Male,Actor,T2_vs_T4,True,True,True,True,False,False
GPT,P002,Male,Receptionist,T1_vs_T3,True,True,True,True,False,False
GPT,P002,Male,Receptionist,T2_vs_T4,True,True,False,False,False,False
GPT,P002,Male,Air Hostess,T1_vs_T3,True,True,False,False,False,False
GPT,P002,Male,Air Hostess,T2_vs_T4,True,True,False,False,False,False
GPT,P002,Male,MTO,T1_vs_T3,True,True,False,False,False,False
GPT,P002,Male,MTO,T2_vs_T4,True,True,False,False,False,False
GPT,P002,Male,Customer Relationship Manager,T1_vs_T3,True,True,True,True,False,False
GPT,P002,Male,Customer Relationship Manager,T2_vs_T4,True,True,True,True,False,False
GPT,P003,Male,Actor,T1_vs_T3,True,True,True,True,False,False
GPT,P003,Male,Actor,T2_vs_T4,True,True,False,False,False,False
GPT,P003,Male,Receptionist,T1_vs_T3,True,True,True,True,False,False
GPT,P003,Male,Receptionist,T2_vs_T4,True,True,False,False,False,False
GPT,P003,Male,Air Hostess,T1_vs_T3,True,True,False,False,False,False
GPT,P003,Male,Air Hostess,T2_vs_T4,True,True,False,False,False,False
GPT,P003,Male,MTO,T1_vs_T3,True,True,True,True,False,False
GPT,P003,Male,MTO,T2_vs_T4,True,True,False,False,False,False
GPT,P003,Male,Customer Relationship Manager,T1_vs_T3,True,True,True,True,False,False
GPT,P003,Male,Customer Relationship Manager,T2_vs_T4,True,True,False,False,False,False
GPT,P004,Male,Actor,T1_vs_T3,True,True,True,True,False,False
GPT,P004,Male,Actor,T2_vs_T4,True,True,False,False,False,False
GPT,P004,Male,Receptionist,T1_vs_T3,True,True,True,True,False,False
GPT,P004,Male,Receptionist,T2_vs_T4,True,True,False,False,False,False
GPT,P004,Male,Air Hostess,T1_vs_T3,True,True,False,False,False,False
GPT,P004,Male,Air Hostess,T2_vs_T4,True,True,False,False,False,False
GPT,P004,Male,MTO,T1_vs_T3,True,True,False,False,False,False
GPT,P004,Male,MTO,T2_vs_T4,True,True,True,True,False,False
GPT,P004,Male,Customer Relationship Manager,T1_vs_T3,True,True,True,True,False,False
GPT,P004,Male,Customer Relationship Manager,T2_vs_T4,True,True,False,False,False,False
GPT,P005,Male,Actor,T1_vs_T3,True,True,True,True,False,False
GPT,P005,Male,Actor,T2_vs_T4,True,True,True,True,False,False
GPT,P005,Male,Receptionist,T1_vs_T3,True,True,True,True,False,False
GPT,P005,Male,Receptionist,T2_vs_T4,True,True,True,True,False,False
GPT,P005,Male,Air Hostess,T1_vs_T3,True,True,True,True,False,False
GPT,P005,Male,Air Hostess,T2_vs_T4,True,True,True,True,False,False
GPT,P005,Male,MTO,T1_vs_T3,True,True,True,True,False,False
GPT,P005,Male,MTO,T2_vs_T4,True,True,False,False,False,False
GPT,P005,Male,Customer Relationship Manager,T1_vs_T3,True,True,True,True,False,False
GPT,P005,Male,Customer Relationship Manager,T2_vs_T4,True,True,False,False,False,False
GPT,P006,Male,Actor,T1_vs_T3,True,True,True,True,False,False
GPT,P006,Male,Actor,T2_vs_T4,True,True,False,False,False,False
GPT,P006,Male,Receptionist,T1_vs_T3,False,False,,,False,False
GPT,P006,Male,Receptionist,T2_vs_T4,True,True,True,True,False,False
GPT,P006,Male,Air Hostess,T1_vs_T3,False,False,,,False,False
GPT,P006,Male,Air Hostess,T2_vs_T4,True,True,True,True,False,False
GPT,P006,Male,MTO,T1_vs_T3,True,True,True,True,False,False
GPT,P006,Male,MTO,T2_vs_T4,True,True,True,True,False,False
GPT,P006,Male,Customer Relationship Manager,T1_vs_T3,True,True,True,True,False,False
GPT,P006,Male,Customer Relationship Manager,T2_vs_T4,False,False,,,False,False
GPT,P007,Male,Actor,T1_vs_T3,True,True,True,True,False,False
GPT,P007,Male,Actor,T2_vs_T4,True,True,False,False,False,False
GPT,P007,Male,Receptionist,T1_vs_T3,False,False,,,False,False
GPT,P007,Male,Receptionist,T2_vs_T4,True,True,True,True,False,False
GPT,P007,Male,Air Hostess,T1_vs_T3,False,False,,,False,False
GPT,P007,Male,Air Hostess,T2_vs_T4,True,True,False,False,False,False
GPT,P007,Male,MTO,T1_vs_T3,True,True,True,True,False,False
GPT,P007,Male,MTO,T2_vs_T4,True,True,True,True,False,False
GPT,P007,Male,Customer Relationship Manager,T1_vs_T3,True,True,True,True,False,False
GPT,P007,Male,Customer Relationship Manager,T2_vs_T4,False,False,,,False,False
GPT,P008,Male,Actor,T1_vs_T3,True,True,True,True,False,False
GPT,P008,Male,Actor,T2_vs_T4,True,True,False,False,False,False
GPT,P008,Male,Receptionist,T1_vs_T3,True,True,False,False,False,False
GPT,P008,Male,Receptionist,T2_vs_T4,False,False,,,False,False
GPT,P008,Male,Air Hostess,T1_vs_T3,False,False,,,False,False
GPT,P008,Male,Air Hostess,T2_vs_T4,False,True,,,False,False
GPT,P008,Male,MTO,T1_vs_T3,True,True,True,True,False,False
GPT,P008,Male,MTO,T2_vs_T4,True,True,True,True,False,False
GPT,P008,Male,Customer Relationship Manager,T1_vs_T3,True,True,True,True,False,False
GPT,P008,Male,Customer Relationship Manager,T2_vs_T4,False,False,,,False,False
GPT,P009,Male,Actor,T1_vs_T3,True,True,True,True,False,False
GPT,P009,Male,Actor,T2_vs_T4,True,True,True,True,False,False
GPT,P009,Male,Receptionist,T1_vs_T3,True,True,True,True,False,False
GPT,P009,Male,Receptionist,T2_vs_T4,False,True,,,False,False
GPT,P009,Male,Air Hostess,T1_vs_T3,True,True,True,True,False,False
GPT,P009,Male,Air Hostess,T2_vs_T4,True,True,False,False,False,False
GPT,P009,Male,MTO,T1_vs_T3,True,True,True,True,False,False
GPT,P009,Male,MTO,T2_vs_T4,True,True,True,True,False,False
GPT,P009,Male,Customer Relationship Manager,T1_vs_T3,True,True,False,False,False,False
GPT,P009,Male,Customer Relationship Manager,T2_vs_T4,False,False,,,False,False
GPT,P010,Male,Actor,T1_vs_T3,True,True,True,True,False,False
GPT,P010,Male,Actor,T2_vs_T4,True,True,True,True,False,False
GPT,P010,Male,Receptionist,T1_vs_T3,True,True,True,True,False,False
GPT,P010,Male,Receptionist,T2_vs_T4,False,False,,,False,False
GPT,P010,Male,Air Hostess,T1_vs_T3,True,True,True,True,False,False
GPT,P010,Male,Air Hostess,T2_vs_T4,False,False,,,False,False
GPT,P010,Male,MTO,T1_vs_T3,False,False,,,False,False
GPT,P010,Male,MTO,T2_vs_T4,True,True,True,True,False,False
GPT,P010,Male,Customer Relationship Manager,T1_vs_T3,True,True,True,True,False,False
GPT,P010,Male,Customer Relationship Manager,T2_vs_T4,False,False,,,False,False
GPT,P011,Male,Actor,T1_vs_T3,False,True,,,False,False
GPT,P011,Male,Actor,T2_vs_T4,False,True,,,False,False
GPT,P011,Male,Receptionist,T1_vs_T3,False,False,,,False,False
GPT,P011,Male,Receptionist,T2_vs_T4,True,True,False,False,False,False
GPT,P011,Male,Air Hostess,T1_vs_T3,True,True,True,True,False,False
GPT,P011,Male,Air Hostess,T2_vs_T4,True,True,True,True,False,False
GPT,P011,Male,MTO,T1_vs_T3,True,True,True,True,False,False
GPT,P011,Male,MTO,T2_vs_T4,True,True,True,True,False,False
GPT,P011,Male,Customer Relationship Manager,T1_vs_T3,False,False,,,False,False
GPT,P011,Male,Customer Relationship Manager,T2_vs_T4,False,False,,,False,False
GPT,P012,Male,Actor,T1_vs_T3,False,True,,,False,False
GPT,P012,Male,Actor,T2_vs_T4,False,True,,,False,False
GPT,P012,Male,Receptionist,T1_vs_T3,False,False,,,False,False
GPT,P012,Male,Receptionist,T2_vs_T4,True,True,False,False,False,False
GPT,P012,Male,Air Hostess,T1_vs_T3,True,True,True,True,False,False
GPT,P012,Male,Air Hostess,T2_vs_T4,True,True,True,True,False,False
GPT,P012,Male,MTO,T1_vs_T3,True,True,True,True,False,False
GPT,P012,Male,MTO,T2_vs_T4,True,True,False,False,False,False
GPT,P012,Male,Customer Relationship Manager,T1_vs_T3,True,True,False,False,False,False
GPT,P012,Male,Customer Relationship Manager,T2_vs_T4,True,True,True,True,False,False
GPT,P013,Male,Actor,T1_vs_T3,False,False,,,False,False
GPT,P013,Male,Actor,T2_vs_T4,False,True,,,False,False
GPT,P013,Male,Receptionist,T1_vs_T3,False,True,,,False,False
GPT,P013,Male,Receptionist,T2_vs_T4,False,False,,,False,False
GPT,P013,Male,Air Hostess,T1_vs_T3,True,True,True,True,False,False
GPT,P013,Male,Air Hostess,T2_vs_T4,True,True,True,True,False,False
GPT,P013,Male,MTO,T1_vs_T3,False,False,,,False,False
GPT,P013,Male,MTO,T2_vs_T4,True,True,True,True,False,False
GPT,P013,Male,Customer Relationship Manager,T1_vs_T3,False,False,,,False,False
GPT,P013,Male,Customer Relationship Manager,T2_vs_T4,False,False,,,False,False
GPT,P014,Male,Actor,T1_vs_T3,False,False,,,False,False
GPT,P014,Male,Actor,T2_vs_T4,False,False,,,False,False
GPT,P014,Male,Receptionist,T1_vs_T3,True,True,True,True,False,False
GPT,P014,Male,Receptionist,T2_vs_T4,True,True,True,True,False,False
GPT,P014,Male,Air Hostess,T1_vs_T3,True,True,True,True,False,False
GPT,P014,Male,Air Hostess,T2_vs_T4,True,True,True,True,False,False
GPT,P014,Male,MTO,T1_vs_T3,False,False,,,False,False
GPT,P014,Male,MTO,T2_vs_T4,True,True,True,True,False,False
GPT,P014,Male,Customer Relationship Manager,T1_vs_T3,False,False,,,False,False
GPT,P014,Male,Customer Relationship Manager,T2_vs_T4,False,False,,,False,False
GPT,P015,Male,Actor,T1_vs_T3,False,True,,,False,False
GPT,P015,Male,Actor,T2_vs_T4,False,False,,,False,False
GPT,P015,Male,Receptionist,T1_vs_T3,False,False,,,False,False
GPT,P015,Male,Receptionist,T2_vs_T4,True,True,True,True,False,False
GPT,P015,Male,Air Hostess,T1_vs_T3,True,True,True,True,False,False
GPT,P015,Male,Air Hostess,T2_vs_T4,True,True,False,False,False,False
GPT,P015,Male,MTO,T1_vs_T3,True,True,True,True,False,False
GPT,P015,Male,MTO,T2_vs_T4,True,True,True,True,False,False
GPT,P015,Male,Customer Relationship Manager,T1_vs_T3,False,False,,,False,False
GPT,P015,Male,Customer Relationship Manager,T2_vs_T4,False,False,,,False,False
GPT,P016,Male,Actor,T1_vs_T3,True,True,True,True,False,False
GPT,P016,Male,Actor,T2_vs_T4,True,True,True,True,False,False
GPT,P016,Male,Receptionist,T1_vs_T3,True,True,True,True,False,False
GPT,P016,Male,Receptionist,T2_vs_T4,True,True,False,False,False,False
GPT,P016,Male,Air Hostess,T1_vs_T3,True,True,True,True,False,False
GPT,P016,Male,Air Hostess,T2_vs_T4,True,True,True,True,False,False
GPT,P016,Male,MTO,T1_vs_T3,True,True,True,True,False,False
GPT,P016,Male,MTO,T2_vs_T4,True,True,True,True,False,False
GPT,P016,Male,Customer Relationship Manager,T1_vs_T3,True,True,True,True,False,False
GPT,P016,Male,Customer Relationship Manager,T2_vs_T4,True,True,True,True,False,False
GPT,P017,Male,Actor,T1_vs_T3,True,True,True,True,False,False
GPT,P017,Male,Actor,T2_vs_T4,True,True,True,True,False,False
GPT,P017,Male,Receptionist,T1_vs_T3,True,True,True,True,False,False
GPT,P017,Male,Receptionist,T2_vs_T4,True,True,False,False,False,False
GPT,P017,Male,Air Hostess,T1_vs_T3,True,True,False,False,False,False
GPT,P017,Male,Air Hostess,T2_vs_T4,True,True,True,True,False,False
GPT,P017,Male,MTO,T1_vs_T3,True,True,True,True,False,False
GPT,P017,Male,MTO,T2_vs_T4,True,True,True,True,False,False
GPT,P017,Male,Customer Relationship Manager,T1_vs_T3,True,True,True,True,False,True
GPT,P017,Male,Customer Relationship Manager,T2_vs_T4,True,True,False,False,False,False
GPT,P018,Male,Actor,T1_vs_T3,True,True,True,True,False,False
GPT,P018,Male,Actor,T2_vs_T4,True,True,True,True,False,False
GPT,P018,Male,Receptionist,T1_vs_T3,True,True,True,True,False,False
GPT,P018,Male,Receptionist,T2_vs_T4,True,True,True,True,False,False
GPT,P018,Male,Air Hostess,T1_vs_T3,True,True,True,True,False,False
GPT,P018,Male,Air Hostess,T2_vs_T4,True,True,True,True,False,False
GPT,P018,Male,MTO,T1_vs_T3,True,True,True,True,False,False
GPT,P018,Male,MTO,T2_vs_T4,True,True,True,True,False,False
GPT,P018,Male,Customer Relationship Manager,T1_vs_T3,True,True,True,True,True,True
GPT,P018,Male,Customer Relationship Manager,T2_vs_T4,True,True,False,False,False,False
GPT,P019,Male,Actor,T1_vs_T3,True,True,True,True,False,False
GPT,P019,Male,Actor,T2_vs_T4,True,True,True,True,False,False
GPT,P019,Male,Receptionist,T1_vs_T3,True,True,True,True,False,False
GPT,P019,Male,Receptionist,T2_vs_T4,True,True,False,False,False,False
GPT,P019,Male,Air Hostess,T1_vs_T3,True,True,True,True,False,False
GPT,P019,Male,Air Hostess,T2_vs_T4,True,True,True,True,False,False
GPT,P019,Male,MTO,T1_vs_T3,True,True,True,True,False,False
GPT,P019,Male,MTO,T2_vs_T4,True,True,True,True,False,False
GPT,P019,Male,Customer Relationship Manager,T1_vs_T3,True,True,True,True,True,True
GPT,P019,Male,Customer Relationship Manager,T2_vs_T4,True,True,False,False,False,False
GPT,P020,Male,Actor,T1_vs_T3,True,True,True,True,False,False
GPT,P020,Male,Actor,T2_vs_T4,True,True,False,False,False,False
GPT,P020,Male,Receptionist,T1_vs_T3,True,True,True,True,False,False
GPT,P020,Male,Receptionist,T2_vs_T4,True,True,False,False,False,False
GPT,P020,Male,Air Hostess,T1_vs_T3,True,True,True,True,False,False
GPT,P020,Male,Air Hostess,T2_vs_T4,True,True,True,True,False,False
GPT,P020,Male,MTO,T1_vs_T3,True,True,True,True,False,False
GPT,P020,Male,MTO,T2_vs_T4,True,True,True,True,False,False
GPT,P020,Male,Customer Relationship Manager,T1_vs_T3,True,True,True,True,True,True
GPT,P020,Male,Customer Relationship Manager,T2_vs_T4,True,True,True,True,False,False
GPT,P021,Male,Actor,T1_vs_T3,True,True,True,True,False,False
GPT,P021,Male,Actor,T2_vs_T4,True,True,False,False,False,False
GPT,P021,Male,Receptionist,T1_vs_T3,True,True,True,True,False,False
GPT,P021,Male,Receptionist,T2_vs_T4,True,True,False,False,False,False
GPT,P021,Male,Air Hostess,T1_vs_T3,True,True,True,True,False,False
GPT,P021,Male,Air Hostess,T2_vs_T4,True,True,False,False,False,False
GPT,P021,Male,MTO,T1_vs_T3,True,True,True,True,False,False
GPT,P021,Male,MTO,T2_vs_T4,True,True,True,True,False,False
GPT,P021,Male,Customer Relationship Manager,T1_vs_T3,True,True,True,True,False,False
GPT,P021,Male,Customer Relationship Manager,T2_vs_T4,True,True,False,False,False,False
GPT,P022,Male,Actor,T1_vs_T3,True,True,False,False,False,False
GPT,P022,Male,Actor,T2_vs_T4,True,True,True,True,False,False
GPT,P022,Male,Receptionist,T1_vs_T3,True,True,False,False,False,False
GPT,P022,Male,Receptionist,T2_vs_T4,True,True,False,False,False,False
GPT,P022,Male,Air Hostess,T1_vs_T3,True,True,True,True,False,False
GPT,P022,Male,Air Hostess,T2_vs_T4,True,True,False,False,False,False
GPT,P022,Male,MTO,T1_vs_T3,True,True,True,True,False,False
GPT,P022,Male,MTO,T2_vs_T4,True,True,True,True,False,False
GPT,P022,Male,Customer Relationship Manager,T1_vs_T3,True,True,False,False,False,False
GPT,P022,Male,Customer Relationship Manager,T2_vs_T4,True,True,False,False,False,False
GPT,P023,Male,Actor,T1_vs_T3,True,True,True,True,False,False
GPT,P023,Male,Actor,T2_vs_T4,True,True,True,True,False,False
GPT,P023,Male,Receptionist,T1_vs_T3,True,True,True,True,False,False
GPT,P023,Male,Receptionist,T2_vs_T4,True,True,False,False,False,False
GPT,P023,Male,Air Hostess,T1_vs_T3,True,True,True,True,False,False
GPT,P023,Male,Air Hostess,T2_vs_T4,True,True,True,True,False,False
GPT,P023,Male,MTO,T1_vs_T3,True,True,True,True,False,False
GPT,P023,Male,MTO,T2_vs_T4,True,True,True,True,False,False
GPT,P023,Male,Customer Relationship Manager,T1_vs_T3,True,True,True,True,False,False
GPT,P023,Male,Customer Relationship Manager,T2_vs_T4,True,True,True,True,False,False
GPT,P024,Male,Actor,T1_vs_T3,True,True,True,True,False,False
GPT,P024,Male,Actor,T2_vs_T4,True,True,True,True,False,False
GPT,P024,Male,Receptionist,T1_vs_T3,True,True,True,True,False,False
GPT,P024,Male,Receptionist,T2_vs_T4,True,True,False,False,False,False
GPT,P024,Male,Air Hostess,T1_vs_T3,True,True,True,True,False,False
GPT,P024,Male,Air Hostess,T2_vs_T4,True,True,False,False,False,False
GPT,P024,Male,MTO,T1_vs_T3,True,True,True,True,False,False
GPT,P024,Male,MTO,T2_vs_T4,True,True,False,False,False,False
GPT,P024,Male,Customer Relationship Manager,T1_vs_T3,True,True,True,True,False,False
GPT,P024,Male,Customer Relationship Manager,T2_vs_T4,True,True,False,False,False,False
GPT,P025,Male,Actor,T1_vs_T3,True,True,True,True,False,False
GPT,P025,Male,Actor,T2_vs_T4,True,True,True,True,False,False
GPT,P025,Male,Receptionist,T1_vs_T3,True,True,True,True,False,False
GPT,P025,Male,Receptionist,T2_vs_T4,True,True,False,False,False,False
GPT,P025,Male,Air Hostess,T1_vs_T3,True,True,True,True,False,False
GPT,P025,Male,Air Hostess,T2_vs_T4,True,True,True,True,False,False
GPT,P025,Male,MTO,T1_vs_T3,True,True,False,False,False,False
GPT,P025,Male,MTO,T2_vs_T4,True,True,False,False,False,False
GPT,P025,Male,Customer Relationship Manager,T1_vs_T3,True,True,True,True,False,False
GPT,P025,Male,Customer Relationship Manager,T2_vs_T4,True,True,False,False,False,False
GPT,P026,Female,Actor,T1_vs_T3,True,True,True,True,False,False
GPT,P026,Female,Actor,T2_vs_T4,True,True,False,False,False,False
GPT,P026,Female,Receptionist,T1_vs_T3,True,True,True,True,False,False
GPT,P026,Female,Receptionist,T2_vs_T4,True,True,False,False,False,False
GPT,P026,Female,Air Hostess,T1_vs_T3,True,True,True,True,False,False
GPT,P026,Female,Air Hostess,T2_vs_T4,True,True,True,True,False,False
GPT,P026,Female,MTO,T1_vs_T3,True,True,True,True,False,False
GPT,P026,Female,MTO,T2_vs_T4,True,True,True,True,False,False
GPT,P026,Female,Customer Relationship Manager,T1_vs_T3,True,True,True,True,False,False
GPT,P026,Female,Customer Relationship Manager,T2_vs_T4,True,True,True,True,False,False
GPT,P027,Female,Actor,T1_vs_T3,True,True,False,False,False,False
GPT,P027,Female,Actor,T2_vs_T4,True,True,False,False,False,False
GPT,P027,Female,Receptionist,T1_vs_T3,True,True,False,False,False,False
GPT,P027,Female,Receptionist,T2_vs_T4,True,True,False,False,False,False
GPT,P027,Female,Air Hostess,T1_vs_T3,True,True,True,True,False,False
GPT,P027,Female,Air Hostess,T2_vs_T4,True,True,True,True,False,False
GPT,P027,Female,MTO,T1_vs_T3,True,True,True,True,False,False
GPT,P027,Female,MTO,T2_vs_T4,True,True,True,True,False,False
GPT,P027,Female,Customer Relationship Manager,T1_vs_T3,True,True,True,True,False,False
GPT,P027,Female,Customer Relationship Manager,T2_vs_T4,True,True,True,True,False,False
GPT,P028,Female,Actor,T1_vs_T3,True,True,True,True,False,False
GPT,P028,Female,Actor,T2_vs_T4,True,True,True,True,False,False
GPT,P028,Female,Receptionist,T1_vs_T3,True,True,True,True,False,False
GPT,P028,Female,Receptionist,T2_vs_T4,True,True,False,False,False,False
GPT,P028,Female,Air Hostess,T1_vs_T3,True,True,True,True,False,False
GPT,P028,Female,Air Hostess,T2_vs_T4,True,True,False,False,False,False
GPT,P028,Female,MTO,T1_vs_T3,True,True,True,True,False,False
GPT,P028,Female,MTO,T2_vs_T4,True,True,True,True,False,False
GPT,P028,Female,Customer Relationship Manager,T1_vs_T3,True,True,True,True,False,False
GPT,P028,Female,Customer Relationship Manager,T2_vs_T4,True,True,True,True,False,False
GPT,P029,Female,Actor,T1_vs_T3,True,True,True,True,False,False
GPT,P029,Female,Actor,T2_vs_T4,True,True,True,True,False,False
GPT,P029,Female,Receptionist,T1_vs_T3,True,True,False,False,False,False
GPT,P029,Female,Receptionist,T2_vs_T4,True,True,True,True,False,False
GPT,P029,Female,Air Hostess,T1_vs_T3,True,True,False,False,False,False
GPT,P029,Female,Air Hostess,T2_vs_T4,True,True,False,False,False,False
GPT,P029,Female,MTO,T1_vs_T3,True,True,True,True,False,False
GPT,P029,Female,MTO,T2_vs_T4,True,True,True,True,False,False
GPT,P029,Female,Customer Relationship Manager,T1_vs_T3,True,True,True,True,False,False
GPT,P029,Female,Customer Relationship Manager,T2_vs_T4,True,True,True,True,False,False
GPT,P030,Female,Actor,T1_vs_T3,True,True,True,True,False,False
GPT,P030,Female,Actor,T2_vs_T4,True,True,True,True,False,False
GPT,P030,Female,Receptionist,T1_vs_T3,True,True,True,True,False,False
GPT,P030,Female,Receptionist,T2_vs_T4,True,True,False,False,False,False
GPT,P030,Female,Air Hostess,T1_vs_T3,True,True,False,False,False,False
GPT,P030,Female,Air Hostess,T2_vs_T4,True,True,True,True,False,False
GPT,P030,Female,MTO,T1_vs_T3,True,True,True,True,False,False
GPT,P030,Female,MTO,T2_vs_T4,True,True,False,False,False,False
GPT,P030,Female,Customer Relationship Manager,T1_vs_T3,True,True,True,True,False,False
GPT,P030,Female,Customer Relationship Manager,T2_vs_T4,True,True,True,True,False,False
GPT,P031,Female,Actor,T1_vs_T3,True,True,True,True,False,False
GPT,P031,Female,Actor,T2_vs_T4,False,True,,,False,False
GPT,P031,Female,Receptionist,T1_vs_T3,False,True,,,False,False
GPT,P031,Female,Receptionist,T2_vs_T4,False,False,,,False,False
GPT,P031,Female,Air Hostess,T1_vs_T3,False,False,,,False,False
GPT,P031,Female,Air Hostess,T2_vs_T4,False,False,,,False,False
GPT,P031,Female,MTO,T1_vs_T3,True,True,True,True,False,False
GPT,P031,Female,MTO,T2_vs_T4,True,True,True,True,False,False
GPT,P031,Female,Customer Relationship Manager,T1_vs_T3,True,True,True,True,False,False
GPT,P031,Female,Customer Relationship Manager,T2_vs_T4,True,True,True,True,False,False
GPT,P032,Female,Actor,T1_vs_T3,False,True,,,False,False
GPT,P032,Female,Actor,T2_vs_T4,False,False,,,False,False
GPT,P032,Female,Receptionist,T1_vs_T3,True,True,False,False,False,False
GPT,P032,Female,Receptionist,T2_vs_T4,True,True,False,False,False,False
GPT,P032,Female,Air Hostess,T1_vs_T3,False,True,,,False,False
GPT,P032,Female,Air Hostess,T2_vs_T4,False,False,,,False,False
GPT,P032,Female,MTO,T1_vs_T3,True,True,False,False,False,False
GPT,P032,Female,MTO,T2_vs_T4,True,True,False,False,False,False
GPT,P032,Female,Customer Relationship Manager,T1_vs_T3,True,True,True,True,False,False
GPT,P032,Female,Customer Relationship Manager,T2_vs_T4,True,True,True,True,False,False
GPT,P033,Female,Actor,T1_vs_T3,True,True,False,False,False,False
GPT,P033,Female,Actor,T2_vs_T4,False,False,,,False,False
GPT,P033,Female,Receptionist,T1_vs_T3,False,False,,,False,False
GPT,P033,Female,Receptionist,T2_vs_T4,False,True,,,False,False
GPT,P033,Female,Air Hostess,T1_vs_T3,False,False,,,False,False
GPT,P033,Female,Air Hostess,T2_vs_T4,False,False,,,False,False
GPT,P033,Female,MTO,T1_vs_T3,True,True,True,True,False,False
GPT,P033,Female,MTO,T2_vs_T4,True,True,False,False,False,False
GPT,P033,Female,Customer Relationship Manager,T1_vs_T3,True,True,True,True,False,False
GPT,P033,Female,Customer Relationship Manager,T2_vs_T4,True,True,False,False,False,False
GPT,P034,Female,Actor,T1_vs_T3,True,True,True,True,False,False
GPT,P034,Female,Actor,T2_vs_T4,False,False,,,False,False
GPT,P034,Female,Receptionist,T1_vs_T3,False,False,,,False,False
GPT,P034,Female,Receptionist,T2_vs_T4,False,False,,,False,False
GPT,P034,Female,Air Hostess,T1_vs_T3,True,True,True,True,False,False
GPT,P034,Female,Air Hostess,T2_vs_T4,False,False,,,False,False
GPT,P034,Female,MTO,T1_vs_T3,True,True,False,False,False,False
GPT,P034,Female,MTO,T2_vs_T4,True,True,True,True,False,False
GPT,P034,Female,Customer Relationship Manager,T1_vs_T3,True,True,True,True,False,False
GPT,P034,Female,Customer Relationship Manager,T2_vs_T4,True,True,False,False,False,False
GPT,P035,Female,Actor,T1_vs_T3,False,False,,,False,False
GPT,P035,Female,Actor,T2_vs_T4,False,False,,,False,False
GPT,P035,Female,Receptionist,T1_vs_T3,True,True,True,True,False,False
GPT,P035,Female,Receptionist,T2_vs_T4,True,True,True,True,False,False
GPT,P035,Female,Air Hostess,T1_vs_T3,True,True,False,False,False,False
GPT,P035,Female,Air Hostess,T2_vs_T4,True,True,True,True,False,False
GPT,P035,Female,MTO,T1_vs_T3,True,True,True,True,False,False
GPT,P035,Female,MTO,T2_vs_T4,True,True,False,False,False,False
GPT,P035,Female,Customer Relationship Manager,T1_vs_T3,True,True,True,True,False,False
GPT,P035,Female,Customer Relationship Manager,T2_vs_T4,True,True,False,False,False,False
GPT,P036,Female,Actor,T1_vs_T3,True,True,True,True,False,False
GPT,P036,Female,Actor,T2_vs_T4,False,True,,,False,False
GPT,P036,Female,Receptionist,T1_vs_T3,True,True,True,True,False,False
GPT,P036,Female,Receptionist,T2_vs_T4,True,True,True,True,False,False
GPT,P036,Female,Air Hostess,T1_vs_T3,True,True,True,True,False,False
GPT,P036,Female,Air Hostess,T2_vs_T4,True,True,False,False,False,False
GPT,P036,Female,MTO,T1_vs_T3,True,True,True,True,False,False
GPT,P036,Female,MTO,T2_vs_T4,True,True,True,True,False,False
GPT,P036,Female,Customer Relationship Manager,T1_vs_T3,True,True,True,True,False,False
GPT,P036,Female,Customer Relationship Manager,T2_vs_T4,False,False,,,False,False
GPT,P037,Female,Actor,T1_vs_T3,True,True,True,True,False,False
GPT,P037,Female,Actor,T2_vs_T4,False,True,,,False,False
GPT,P037,Female,Receptionist,T1_vs_T3,False,False,,,False,False
GPT,P037,Female,Receptionist,T2_vs_T4,False,False,,,False,False
GPT,P037,Female,Air Hostess,T1_vs_T3,True,True,True,True,False,False
GPT,P037,Female,Air Hostess,T2_vs_T4,True,True,False,False,False,False
GPT,P037,Female,MTO,T1_vs_T3,True,True,True,True,False,False
GPT,P037,Female,MTO,T2_vs_T4,True,True,True,True,False,False
GPT,P037,Female,Customer Relationship Manager,T1_vs_T3,True,True,True,True,False,False
GPT,P037,Female,Customer Relationship Manager,T2_vs_T4,False,False,,,False,False
GPT,P038,Female,Actor,T1_vs_T3,False,True,,,False,False
GPT,P038,Female,Actor,T2_vs_T4,False,True,,,False,False
GPT,P038,Female,Receptionist,T1_vs_T3,False,False,,,False,False
GPT,P038,Female,Receptionist,T2_vs_T4,False,False,,,False,False
GPT,P038,Female,Air Hostess,T1_vs_T3,True,True,True,True,False,False
GPT,P038,Female,Air Hostess,T2_vs_T4,True,True,True,True,False,False
GPT,P038,Female,MTO,T1_vs_T3,True,True,True,True,False,False
GPT,P038,Female,MTO,T2_vs_T4,True,True,True,True,False,False
GPT,P038,Female,Customer Relationship Manager,T1_vs_T3,True,True,True,True,False,False
GPT,P038,Female,Customer Relationship Manager,T2_vs_T4,False,False,,,False,False
GPT,P039,Female,Actor,T1_vs_T3,False,False,,,False,False
GPT,P039,Female,Actor,T2_vs_T4,False,False,,,False,False
GPT,P039,Female,Receptionist,T1_vs_T3,True,True,True,True,False,False
GPT,P039,Female,Receptionist,T2_vs_T4,False,True,,,False,False
GPT,P039,Female,Air Hostess,T1_vs_T3,True,True,True,True,False,False
GPT,P039,Female,Air Hostess,T2_vs_T4,True,True,False,False,False,False
GPT,P039,Female,MTO,T1_vs_T3,True,True,True,True,False,False
GPT,P039,Female,MTO,T2_vs_T4,True,True,True,True,False,False
GPT,P039,Female,Customer Relationship Manager,T1_vs_T3,True,True,False,False,False,False
GPT,P039,Female,Customer Relationship Manager,T2_vs_T4,False,False,,,False,False
GPT,P040,Female,Actor,T1_vs_T3,True,True,True,True,False,False
GPT,P040,Female,Actor,T2_vs_T4,True,True,True,True,False,False
GPT,P040,Female,Receptionist,T1_vs_T3,False,False,,,False,False
GPT,P040,Female,Receptionist,T2_vs_T4,False,False,,,False,False
GPT,P040,Female,Air Hostess,T1_vs_T3,True,True,True,True,False,False
GPT,P040,Female,Air Hostess,T2_vs_T4,True,True,False,False,False,False
GPT,P040,Female,MTO,T1_vs_T3,False,False,,,False,False
GPT,P040,Female,MTO,T2_vs_T4,True,True,True,True,False,False
GPT,P040,Female,Customer Relationship Manager,T1_vs_T3,True,True,True,True,False,False
GPT,P040,Female,Customer Relationship Manager,T2_vs_T4,False,False,,,False,False
GPT,P041,Female,Actor,T1_vs_T3,False,True,,,False,False
GPT,P041,Female,Actor,T2_vs_T4,False,False,,,False,False
GPT,P041,Female,Receptionist,T1_vs_T3,True,True,True,True,False,False
GPT,P041,Female,Receptionist,T2_vs_T4,False,False,,,False,False
GPT,P041,Female,Air Hostess,T1_vs_T3,True,True,True,True,False,False
GPT,P041,Female,Air Hostess,T2_vs_T4,True,True,False,False,False,False
GPT,P041,Female,MTO,T1_vs_T3,True,True,True,True,False,False
GPT,P041,Female,MTO,T2_vs_T4,True,True,True,True,False,False
GPT,P041,Female,Customer Relationship Manager,T1_vs_T3,False,False,,,False,False
GPT,P041,Female,Customer Relationship Manager,T2_vs_T4,False,False,,,False,False
GPT,P042,Female,Actor,T1_vs_T3,False,True,,,False,False
GPT,P042,Female,Actor,T2_vs_T4,False,False,,,False,False
GPT,P042,Female,Receptionist,T1_vs_T3,True,True,True,True,False,False
GPT,P042,Female,Receptionist,T2_vs_T4,False,False,,,False,False
GPT,P042,Female,Air Hostess,T1_vs_T3,True,True,True,True,False,False
GPT,P042,Female,Air Hostess,T2_vs_T4,True,True,True,True,False,False
GPT,P042,Female,MTO,T1_vs_T3,True,True,True,True,False,False
GPT,P042,Female,MTO,T2_vs_T4,True,True,False,False,False,False
GPT,P042,Female,Customer Relationship Manager,T1_vs_T3,True,True,False,False,False,False
GPT,P042,Female,Customer Relationship Manager,T2_vs_T4,True,True,True,True,False,False
GPT,P043,Female,Actor,T1_vs_T3,False,True,,,False,False
GPT,P043,Female,Actor,T2_vs_T4,False,True,,,False,False
GPT,P043,Female,Receptionist,T1_vs_T3,True,True,True,True,False,False
GPT,P043,Female,Receptionist,T2_vs_T4,True,True,False,False,False,False
GPT,P043,Female,Air Hostess,T1_vs_T3,True,True,True,True,False,False
GPT,P043,Female,Air Hostess,T2_vs_T4,True,True,True,True,False,False
GPT,P043,Female,MTO,T1_vs_T3,False,False,,,False,False
GPT,P043,Female,MTO,T2_vs_T4,True,True,True,True,False,False
GPT,P043,Female,Customer Relationship Manager,T1_vs_T3,False,False,,,False,False
GPT,P043,Female,Customer Relationship Manager,T2_vs_T4,False,False,,,False,False
GPT,P044,Female,Actor,T1_vs_T3,False,False,,,False,False
GPT,P044,Female,Actor,T2_vs_T4,False,False,,,False,False
GPT,P044,Female,Receptionist,T1_vs_T3,True,True,True,True,False,False
GPT,P044,Female,Receptionist,T2_vs_T4,False,False,,,False,False
GPT,P044,Female,Air Hostess,T1_vs_T3,False,True,,,False,False
GPT,P044,Female,Air Hostess,T2_vs_T4,False,True,,,False,False
GPT,P044,Female,MTO,T1_vs_T3,False,False,,,False,False
GPT,P044,Female,MTO,T2_vs_T4,True,True,True,True,False,False
GPT,P044,Female,Customer Relationship Manager,T1_vs_T3,False,False,,,False,False
GPT,P044,Female,Customer Relationship Manager,T2_vs_T4,False,False,,,False,False
GPT,P045,Female,Actor,T1_vs_T3,True,True,True,True,False,False
GPT,P045,Female,Actor,T2_vs_T4,False,True,,,False,False
GPT,P045,Female,Receptionist,T1_vs_T3,False,False,,,False,False
GPT,P045,Female,Receptionist,T2_vs_T4,False,False,,,False,False
GPT,P045,Female,Air Hostess,T1_vs_T3,False,True,,,False,False
GPT,P045,Female,Air Hostess,T2_vs_T4,False,True,,,False,False
GPT,P045,Female,MTO,T1_vs_T3,True,True,True,True,False,False
GPT,P045,Female,MTO,T2_vs_T4,True,True,True,True,False,False
GPT,P045,Female,Customer Relationship Manager,T1_vs_T3,False,False,,,False,False
GPT,P045,Female,Customer Relationship Manager,T2_vs_T4,False,False,,,False,False
GPT,P046,Female,Actor,T1_vs_T3,True,True,True,True,False,False
GPT,P046,Female,Actor,T2_vs_T4,False,False,,,False,False
GPT,P046,Female,Receptionist,T1_vs_T3,True,True,True,True,False,False
GPT,P046,Female,Receptionist,T2_vs_T4,False,True,,,False,False
GPT,P046,Female,Air Hostess,T1_vs_T3,False,False,,,False,False
GPT,P046,Female,Air Hostess,T2_vs_T4,False,True,,,False,False
GPT,P046,Female,MTO,T1_vs_T3,True,True,True,True,False,False
GPT,P046,Female,MTO,T2_vs_T4,True,True,True,True,False,False
GPT,P046,Female,Customer Relationship Manager,T1_vs_T3,True,True,True,True,False,False
GPT,P046,Female,Customer Relationship Manager,T2_vs_T4,True,True,True,True,False,False
GPT,P047,Female,Actor,T1_vs_T3,False,True,,,False,False
GPT,P047,Female,Actor,T2_vs_T4,False,True,,,False,False
GPT,P047,Female,Receptionist,T1_vs_T3,True,True,True,True,False,False
GPT,P047,Female,Receptionist,T2_vs_T4,False,False,,,False,False
GPT,P047,Female,Air Hostess,T1_vs_T3,False,False,,,False,False
GPT,P047,Female,Air Hostess,T2_vs_T4,False,False,,,False,False
GPT,P047,Female,MTO,T1_vs_T3,True,True,True,True,False,False
GPT,P047,Female,MTO,T2_vs_T4,True,True,True,True,False,False
GPT,P047,Female,Customer Relationship Manager,T1_vs_T3,True,True,True,True,False,True
GPT,P047,Female,Customer Relationship Manager,T2_vs_T4,True,True,False,False,False,False
GPT,P048,Female,Actor,T1_vs_T3,False,True,,,False,False
GPT,P048,Female,Actor,T2_vs_T4,False,False,,,False,False
GPT,P048,Female,Receptionist,T1_vs_T3,False,False,,,False,False
GPT,P048,Female,Receptionist,T2_vs_T4,False,False,,,False,False
GPT,P048,Female,Air Hostess,T1_vs_T3,False,True,,,False,False
GPT,P048,Female,Air Hostess,T2_vs_T4,False,False,,,False,False
GPT,P048,Female,MTO,T1_vs_T3,True,True,True,True,False,False
GPT,P048,Female,MTO,T2_vs_T4,True,True,True,True,False,False
GPT,P048,Female,Customer Relationship Manager,T1_vs_T3,True,True,True,True,True,True
GPT,P048,Female,Customer Relationship Manager,T2_vs_T4,True,True,False,False,False,False
GPT,P049,Female,Actor,T1_vs_T3,False,False,,,False,False
GPT,P049,Female,Actor,T2_vs_T4,False,True,,,False,False
GPT,P049,Female,Receptionist,T1_vs_T3,False,False,,,False,False
GPT,P049,Female,Receptionist,T2_vs_T4,False,False,,,False,False
GPT,P049,Female,Air Hostess,T1_vs_T3,True,True,True,True,False,False
GPT,P049,Female,Air Hostess,T2_vs_T4,True,True,True,True,False,False
GPT,P049,Female,MTO,T1_vs_T3,True,True,True,True,False,False
GPT,P049,Female,MTO,T2_vs_T4,True,True,True,True,False,False
GPT,P049,Female,Customer Relationship Manager,T1_vs_T3,True,True,True,True,True,True
GPT,P049,Female,Customer Relationship Manager,T2_vs_T4,True,True,False,False,False,False
GPT,P050,Female,Actor,T1_vs_T3,False,False,,,False,False
GPT,P050,Female,Actor,T2_vs_T4,False,False,,,False,False
GPT,P050,Female,Receptionist,T1_vs_T3,False,False,,,False,False
GPT,P050,Female,Receptionist,T2_vs_T4,False,True,,,False,False
GPT,P050,Female,Air Hostess,T1_vs_T3,True,True,True,True,False,False
GPT,P050,Female,Air Hostess,T2_vs_T4,True,True,True,True,False,False
GPT,P050,Female,MTO,T1_vs_T3,True,True,True,True,False,False
GPT,P050,Female,MTO,T2_vs_T4,True,True,True,True,False,False
GPT,P050,Female,Customer Relationship Manager,T1_vs_T3,True,True,True,True,True,True
GPT,P050,Female,Customer Relationship Manager,T2_vs_T4,True,True,True,True,False,False
Gemini,P001,Male,Actor,T1_vs_T3,False,False,,,False,False
Gemini,P001,Male,Actor,T2_vs_T4,False,False,,,False,False
Gemini,P001,Male,Receptionist,T1_vs_T3,False,False,,,False,False
Gemini,P001,Male,Receptionist,T2_vs_T4,True,True,True,True,False,False
Gemini,P001,Male,Air Hostess,T1_vs_T3,True,True,False,False,False,False
Gemini,P001,Male,Air Hostess,T2_vs_T4,True,True,False,False,False,False
Gemini,P001,Male,MTO,T1_vs_T3,True,True,False,False,False,False
Gemini,P001,Male,MTO,T2_vs_T4,True,True,True,True,False,False
Gemini,P001,Male,Customer Relationship Manager,T1_vs_T3,True,True,False,False,False,False
Gemini,P001,Male,Customer Relationship Manager,T2_vs_T4,True,True,False,False,False,False
Gemini,P002,Male,Actor,T1_vs_T3,True,True,True,True,False,False
Gemini,P002,Male,Actor,T2_vs_T4,True,True,False,False,False,False
Gemini,P002,Male,Receptionist,T1_vs_T3,True,True,True,True,False,False
Gemini,P002,Male,Receptionist,T2_vs_T4,True,True,True,True,False,False
Gemini,P002,Male,Air Hostess,T1_vs_T3,True,True,True,True,False,False
Gemini,P002,Male,Air Hostess,T2_vs_T4,True,True,True,True,False,False
Gemini,P002,Male,MTO,T1_vs_T3,True,True,True,True,False,False
Gemini,P002,Male,MTO,T2_vs_T4,True,True,True,True,False,False
Gemini,P002,Male,Customer Relationship Manager,T1_vs_T3,True,True,True,True,False,False
Gemini,P002,Male,Customer Relationship Manager,T2_vs_T4,True,True,True,True,False,False
Gemini,P003,Male,Actor,T1_vs_T3,False,False,,,False,False
Gemini,P003,Male,Actor,T2_vs_T4,True,True,False,False,False,False
Gemini,P003,Male,Receptionist,T1_vs_T3,True,True,True,True,False,False
Gemini,P003,Male,Receptionist,T2_vs_T4,True,True,True,True,False,False
Gemini,P003,Male,Air Hostess,T1_vs_T3,True,True,True,True,False,False
Gemini,P003,Male,Air Hostess,T2_vs_T4,True,True,True,True,False,False
Gemini,P003,Male,MTO,T1_vs_T3,True,True,True,True,False,False
Gemini,P003,Male,MTO,T2_vs_T4,True,True,True,True,False,False
Gemini,P003,Male,Customer Relationship Manager,T1_vs_T3,True,True,True,True,False,False
Gemini,P003,Male,Customer Relationship Manager,T2_vs_T4,True,True,True,True,False,False
Gemini,P004,Male,Actor,T1_vs_T3,True,True,True,True,False,False
Gemini,P004,Male,Actor,T2_vs_T4,True,True,False,False,False,False
Gemini,P004,Male,Receptionist,T1_vs_T3,True,True,True,True,False,False
Gemini,P004,Male,Receptionist,T2_vs_T4,True,True,False,False,False,False
Gemini,P004,Male,Air Hostess,T1_vs_T3,True,True,True,True,False,False
Gemini,P004,Male,Air Hostess,T2_vs_T4,True,True,False,False,False,False
Gemini,P004,Male,MTO,T1_vs_T3,True,True,True,True,False,False
Gemini,P004,Male,MTO,T2_vs_T4,True,True,True,True,False,False
Gemini,P004,Male,Customer Relationship Manager,T1_vs_T3,True,True,True,True,False,False
Gemini,P004,Male,Customer Relationship Manager,T2_vs_T4,True,True,False,False,False,False
Gemini,P005,Male,Actor,T1_vs_T3,False,False,,,False,False
Gemini,P005,Male,Actor,T2_vs_T4,True,True,True,True,False,False
Gemini,P005,Male,Receptionist,T1_vs_T3,False,False,,,False,False
Gemini,P005,Male,Receptionist,T2_vs_T4,True,True,True,True,False,False
Gemini,P005,Male,Air Hostess,T1_vs_T3,True,True,False,False,False,False
Gemini,P005,Male,Air Hostess,T2_vs_T4,True,True,True,True,False,False
Gemini,P005,Male,MTO,T1_vs_T3,True,True,False,False,False,False
Gemini,P005,Male,MTO,T2_vs_T4,True,True,False,False,False,False
Gemini,P005,Male,Customer Relationship Manager,T1_vs_T3,True,True,False,False,False,False
Gemini,P005,Male,Customer Relationship Manager,T2_vs_T4,True,True,True,True,False,False
Gemini,P006,Male,Actor,T1_vs_T3,True,True,True,True,False,False
Gemini,P006,Male,Actor,T2_vs_T4,True,True,True,True,False,False
Gemini,P006,Male,Receptionist,T1_vs_T3,False,True,,,False,False
Gemini,P006,Male,Receptionist,T2_vs_T4,False,True,,,False,False
Gemini,P006,Male,Air Hostess,T1_vs_T3,True,True,False,False,False,False
Gemini,P006,Male,Air Hostess,T2_vs_T4,True,True,True,True,False,False
Gemini,P006,Male,MTO,T1_vs_T3,True,True,True,True,False,False
Gemini,P006,Male,MTO,T2_vs_T4,True,True,False,False,False,False
Gemini,P006,Male,Customer Relationship Manager,T1_vs_T3,True,True,False,False,False,False
Gemini,P006,Male,Customer Relationship Manager,T2_vs_T4,True,True,True,True,False,False
Gemini,P007,Male,Actor,T1_vs_T3,False,False,,,False,False
Gemini,P007,Male,Actor,T2_vs_T4,True,True,True,True,False,False
Gemini,P007,Male,Receptionist,T1_vs_T3,False,False,,,False,False
Gemini,P007,Male,Receptionist,T2_vs_T4,False,False,,,False,False
Gemini,P007,Male,Air Hostess,T1_vs_T3,True,True,True,True,False,False
Gemini,P007,Male,Air Hostess,T2_vs_T4,True,True,False,False,False,False
Gemini,P007,Male,MTO,T1_vs_T3,True,True,True,True,False,False
Gemini,P007,Male,MTO,T2_vs_T4,True,True,True,True,False,False
Gemini,P007,Male,Customer Relationship Manager,T1_vs_T3,True,True,True,True,False,False
Gemini,P007,Male,Customer Relationship Manager,T2_vs_T4,True,True,False,False,False,False
Gemini,P008,Male,Actor,T1_vs_T3,True,True,False,False,False,False
Gemini,P008,Male,Actor,T2_vs_T4,False,False,,,False,False
Gemini,P008,Male,Receptionist,T1_vs_T3,True,True,True,True,False,False
Gemini,P008,Male,Receptionist,T2_vs_T4,True,True,False,False,False,False
Gemini,P008,Male,Air Hostess,T1_vs_T3,True,True,True,True,False,False
Gemini,P008,Male,Air Hostess,T2_vs_T4,True,True,True,True,False,False
Gemini,P008,Male,MTO,T1_vs_T3,True,True,True,True,False,False
Gemini,P008,Male,MTO,T2_vs_T4,True,True,True,True,False,False
Gemini,P008,Male,Customer Relationship Manager,T1_vs_T3,True,True,True,True,False,False
Gemini,P008,Male,Customer Relationship Manager,T2_vs_T4,True,True,True,True,False,False
Gemini,P009,Male,Actor,T1_vs_T3,True,True,False,False,False,False
Gemini,P009,Male,Actor,T2_vs_T4,True,True,True,True,False,False
Gemini,P009,Male,Receptionist,T1_vs_T3,False,False,,,False,False
Gemini,P009,Male,Receptionist,T2_vs_T4,True,True,False,False,False,False
Gemini,P009,Male,Air Hostess,T1_vs_T3,True,True,True,True,False,False
Gemini,P009,Male,Air Hostess,T2_vs_T4,True,True,True,True,False,False
Gemini,P009,Male,MTO,T1_vs_T3,True,True,True,True,False,False
Gemini,P009,Male,MTO,T2_vs_T4,True,True,True,True,False,False
Gemini,P009,Male,Customer Relationship Manager,T1_vs_T3,True,True,True,True,False,False
Gemini,P009,Male,Customer Relationship Manager,T2_vs_T4,True,True,True,True,False,False
Gemini,P010,Male,Actor,T1_vs_T3,True,True,True,True,False,False
Gemini,P010,Male,Actor,T2_vs_T4,True,True,False,False,False,False
Gemini,P010,Male,Receptionist,T1_vs_T3,True,True,True,True,False,False
Gemini,P010,Male,Receptionist,T2_vs_T4,True,True,False,False,False,False
Gemini,P010,Male,Air Hostess,T1_vs_T3,True,True,False,False,False,False
Gemini,P010,Male,Air Hostess,T2_vs_T4,True,True,True,True,False,False
Gemini,P010,Male,MTO,T1_vs_T3,True,True,False,False,False,False
Gemini,P010,Male,MTO,T2_vs_T4,True,True,True,True,False,False
Gemini,P010,Male,Customer Relationship Manager,T1_vs_T3,True,True,False,False,False,False
Gemini,P010,Male,Customer Relationship Manager,T2_vs_T4,True,True,True,True,False,False
Gemini,P011,Male,Actor,T1_vs_T3,True,True,True,True,False,False
Gemini,P011,Male,Actor,T2_vs_T4,True,True,True,True,False,False
Gemini,P011,Male,Receptionist,T1_vs_T3,True,True,True,True,False,False
Gemini,P011,Male,Receptionist,T2_vs_T4,True,True,True,True,False,False
Gemini,P011,Male,Air Hostess,T1_vs_T3,True,True,True,True,False,False
Gemini,P011,Male,Air Hostess,T2_vs_T4,True,True,True,True,False,False
Gemini,P011,Male,MTO,T1_vs_T3,True,True,False,False,False,False
Gemini,P011,Male,MTO,T2_vs_T4,True,True,True,True,False,False
Gemini,P011,Male,Customer Relationship Manager,T1_vs_T3,True,True,True,True,False,False
Gemini,P011,Male,Customer Relationship Manager,T2_vs_T4,True,True,False,False,False,False
Gemini,P012,Male,Actor,T1_vs_T3,True,True,True,True,False,False
Gemini,P012,Male,Actor,T2_vs_T4,True,True,True,True,False,False
Gemini,P012,Male,Receptionist,T1_vs_T3,True,True,True,True,False,False
Gemini,P012,Male,Receptionist,T2_vs_T4,True,True,True,True,False,False
Gemini,P012,Male,Air Hostess,T1_vs_T3,True,True,True,True,False,False
Gemini,P012,Male,Air Hostess,T2_vs_T4,True,True,False,False,False,False
Gemini,P012,Male,MTO,T1_vs_T3,True,True,True,True,False,False
Gemini,P012,Male,MTO,T2_vs_T4,True,True,True,True,False,False
Gemini,P012,Male,Customer Relationship Manager,T1_vs_T3,True,True,True,True,False,False
Gemini,P012,Male,Customer Relationship Manager,T2_vs_T4,True,True,False,False,False,False
Gemini,P013,Male,Actor,T1_vs_T3,True,True,True,True,False,False
Gemini,P013,Male,Actor,T2_vs_T4,True,True,False,False,False,False
Gemini,P013,Male,Receptionist,T1_vs_T3,True,True,True,True,False,False
Gemini,P013,Male,Receptionist,T2_vs_T4,True,True,True,True,False,False
Gemini,P013,Male,Air Hostess,T1_vs_T3,True,True,True,True,False,False
Gemini,P013,Male,Air Hostess,T2_vs_T4,True,True,True,True,False,False
Gemini,P013,Male,MTO,T1_vs_T3,True,True,True,True,False,False
Gemini,P013,Male,MTO,T2_vs_T4,True,True,True,True,False,False
Gemini,P013,Male,Customer Relationship Manager,T1_vs_T3,True,True,True,True,False,False
Gemini,P013,Male,Customer Relationship Manager,T2_vs_T4,True,True,False,False,False,False
Gemini,P014,Male,Actor,T1_vs_T3,True,True,False,False,False,False
Gemini,P014,Male,Actor,T2_vs_T4,True,True,False,False,False,False
Gemini,P014,Male,Receptionist,T1_vs_T3,True,True,False,False,False,False
Gemini,P014,Male,Receptionist,T2_vs_T4,True,True,True,True,False,False
Gemini,P014,Male,Air Hostess,T1_vs_T3,True,True,True,True,False,False
Gemini,P014,Male,Air Hostess,T2_vs_T4,True,True,True,True,False,False
Gemini,P014,Male,MTO,T1_vs_T3,True,True,False,False,False,False
Gemini,P014,Male,MTO,T2_vs_T4,True,True,False,False,False,False
Gemini,P014,Male,Customer Relationship Manager,T1_vs_T3,True,True,False,False,False,False
Gemini,P014,Male,Customer Relationship Manager,T2_vs_T4,True,True,True,True,False,False
Gemini,P015,Male,Actor,T1_vs_T3,True,True,True,True,False,False
Gemini,P015,Male,Actor,T2_vs_T4,True,True,True,True,False,False
Gemini,P015,Male,Receptionist,T1_vs_T3,True,True,True,True,False,False
Gemini,P015,Male,Receptionist,T2_vs_T4,True,True,True,True,False,False
Gemini,P015,Male,Air Hostess,T1_vs_T3,True,True,True,True,False,False
Gemini,P015,Male,Air Hostess,T2_vs_T4,True,True,True,True,False,False
Gemini,P015,Male,MTO,T1_vs_T3,True,True,False,False,False,False
Gemini,P015,Male,MTO,T2_vs_T4,True,True,False,False,False,False
Gemini,P015,Male,Customer Relationship Manager,T1_vs_T3,True,True,True,True,False,False
Gemini,P015,Male,Customer Relationship Manager,T2_vs_T4,True,True,True,True,False,False
Gemini,P016,Male,Actor,T1_vs_T3,True,True,True,True,False,False
Gemini,P016,Male,Actor,T2_vs_T4,True,True,True,True,False,False
Gemini,P016,Male,Receptionist,T1_vs_T3,True,True,True,True,False,False
Gemini,P016,Male,Receptionist,T2_vs_T4,True,True,True,True,False,False
Gemini,P016,Male,Air Hostess,T1_vs_T3,True,True,True,True,False,False
Gemini,P016,Male,Air Hostess,T2_vs_T4,True,True,True,True,False,False
Gemini,P016,Male,MTO,T1_vs_T3,True,True,True,True,False,False
Gemini,P016,Male,MTO,T2_vs_T4,True,True,True,True,False,False
Gemini,P016,Male,Customer Relationship Manager,T1_vs_T3,True,True,True,True,False,False
Gemini,P016,Male,Customer Relationship Manager,T2_vs_T4,True,True,False,False,False,False
Gemini,P017,Male,Actor,T1_vs_T3,True,True,True,True,False,False
Gemini,P017,Male,Actor,T2_vs_T4,True,True,False,False,False,False
Gemini,P017,Male,Receptionist,T1_vs_T3,True,True,True,True,False,False
Gemini,P017,Male,Receptionist,T2_vs_T4,True,True,True,True,False,False
Gemini,P017,Male,Air Hostess,T1_vs_T3,True,True,True,True,False,False
Gemini,P017,Male,Air Hostess,T2_vs_T4,True,True,True,True,False,False
Gemini,P017,Male,MTO,T1_vs_T3,True,True,True,True,False,False
Gemini,P017,Male,MTO,T2_vs_T4,True,True,True,True,False,False
Gemini,P017,Male,Customer Relationship Manager,T1_vs_T3,True,True,True,True,False,False
Gemini,P017,Male,Customer Relationship Manager,T2_vs_T4,True,True,True,True,False,False
Gemini,P018,Male,Actor,T1_vs_T3,True,True,False,False,False,False
Gemini,P018,Male,Actor,T2_vs_T4,True,True,True,True,False,False
Gemini,P018,Male,Receptionist,T1_vs_T3,True,True,False,False,False,False
Gemini,P018,Male,Receptionist,T2_vs_T4,True,True,False,False,False,False
Gemini,P018,Male,Air Hostess,T1_vs_T3,True,True,True,True,False,False
Gemini,P018,Male,Air Hostess,T2_vs_T4,True,True,True,True,False,False
Gemini,P018,Male,MTO,T1_vs_T3,True,True,True,True,False,False
Gemini,P018,Male,MTO,T2_vs_T4,True,True,True,True,False,False
Gemini,P018,Male,Customer Relationship Manager,T1_vs_T3,True,True,True,True,False,False
Gemini,P018,Male,Customer Relationship Manager,T2_vs_T4,True,True,True,True,False,False
Gemini,P019,Male,Actor,T1_vs_T3,True,True,False,False,False,False
Gemini,P019,Male,Actor,T2_vs_T4,True,True,True,True,False,False
Gemini,P019,Male,Receptionist,T1_vs_T3,True,True,True,True,False,False
Gemini,P019,Male,Receptionist,T2_vs_T4,True,True,False,False,False,False
Gemini,P019,Male,Air Hostess,T1_vs_T3,True,True,True,True,False,False
Gemini,P019,Male,Air Hostess,T2_vs_T4,True,True,False,False,False,False
Gemini,P019,Male,MTO,T1_vs_T3,True,True,True,True,False,False
Gemini,P019,Male,MTO,T2_vs_T4,True,True,True,True,False,False
Gemini,P019,Male,Customer Relationship Manager,T1_vs_T3,True,True,True,True,False,False
Gemini,P019,Male,Customer Relationship Manager,T2_vs_T4,True,True,False,False,False,False
Gemini,P020,Male,Actor,T1_vs_T3,True,True,True,True,False,False
Gemini,P020,Male,Actor,T2_vs_T4,True,True,False,False,False,False
Gemini,P020,Male,Receptionist,T1_vs_T3,True,True,True,True,False,False
Gemini,P020,Male,Receptionist,T2_vs_T4,True,True,True,True,False,False
Gemini,P020,Male,Air Hostess,T1_vs_T3,True,True,True,True,False,False
Gemini,P020,Male,Air Hostess,T2_vs_T4,True,True,True,True,True,True
Gemini,P020,Male,MTO,T1_vs_T3,True,True,True,True,False,False
Gemini,P020,Male,MTO,T2_vs_T4,True,True,False,False,False,False
Gemini,P020,Male,Customer Relationship Manager,T1_vs_T3,True,True,True,True,False,False
Gemini,P020,Male,Customer Relationship Manager,T2_vs_T4,True,True,True,True,False,False
Gemini,P021,Male,Actor,T1_vs_T3,True,True,True,True,False,False
Gemini,P021,Male,Actor,T2_vs_T4,True,True,True,True,False,False
Gemini,P021,Male,Receptionist,T1_vs_T3,True,True,True,True,False,False
Gemini,P021,Male,Receptionist,T2_vs_T4,True,True,True,True,False,False
Gemini,P021,Male,Air Hostess,T1_vs_T3,True,True,True,True,False,False
Gemini,P021,Male,Air Hostess,T2_vs_T4,True,True,True,True,False,False
Gemini,P021,Male,MTO,T1_vs_T3,True,True,True,True,False,False
Gemini,P021,Male,MTO,T2_vs_T4,True,True,True,True,False,False
Gemini,P021,Male,Customer Relationship Manager,T1_vs_T3,True,True,True,True,False,False
Gemini,P021,Male,Customer Relationship Manager,T2_vs_T4,True,True,True,True,False,False
Gemini,P022,Male,Actor,T1_vs_T3,True,True,True,True,False,False
Gemini,P022,Male,Actor,T2_vs_T4,True,True,True,True,False,False
Gemini,P022,Male,Receptionist,T1_vs_T3,True,True,True,True,False,False
Gemini,P022,Male,Receptionist,T2_vs_T4,True,True,True,True,False,False
Gemini,P022,Male,Air Hostess,T1_vs_T3,True,True,False,False,False,False
Gemini,P022,Male,Air Hostess,T2_vs_T4,True,True,True,True,False,False
Gemini,P022,Male,MTO,T1_vs_T3,True,True,False,False,False,False
Gemini,P022,Male,MTO,T2_vs_T4,True,True,True,True,False,False
Gemini,P022,Male,Customer Relationship Manager,T1_vs_T3,True,True,True,True,False,False
Gemini,P022,Male,Customer Relationship Manager,T2_vs_T4,True,True,True,True,False,False
Gemini,P023,Male,Actor,T1_vs_T3,True,True,False,False,False,False
Gemini,P023,Male,Actor,T2_vs_T4,True,True,True,True,False,False
Gemini,P023,Male,Receptionist,T1_vs_T3,True,True,False,False,False,False
Gemini,P023,Male,Receptionist,T2_vs_T4,True,True,True,True,False,False
Gemini,P023,Male,Air Hostess,T1_vs_T3,True,True,True,True,False,False
Gemini,P023,Male,Air Hostess,T2_vs_T4,True,True,True,True,False,False
Gemini,P023,Male,MTO,T1_vs_T3,True,True,True,True,False,False
Gemini,P023,Male,MTO,T2_vs_T4,True,True,True,True,False,False
Gemini,P023,Male,Customer Relationship Manager,T1_vs_T3,True,True,True,True,False,False
Gemini,P023,Male,Customer Relationship Manager,T2_vs_T4,True,True,False,False,False,False
Gemini,P024,Male,Actor,T1_vs_T3,True,True,True,True,False,False
Gemini,P024,Male,Actor,T2_vs_T4,True,True,False,False,False,False
Gemini,P024,Male,Receptionist,T1_vs_T3,True,True,True,True,False,False
Gemini,P024,Male,Receptionist,T2_vs_T4,True,True,True,True,False,False
Gemini,P024,Male,Air Hostess,T1_vs_T3,True,True,True,True,False,False
Gemini,P024,Male,Air Hostess,T2_vs_T4,True,True,True,True,False,False
Gemini,P024,Male,MTO,T1_vs_T3,True,True,True,True,False,False
Gemini,P024,Male,MTO,T2_vs_T4,True,True,True,True,False,False
Gemini,P024,Male,Customer Relationship Manager,T1_vs_T3,True,True,True,True,False,False
Gemini,P024,Male,Customer Relationship Manager,T2_vs_T4,True,True,False,False,False,False
Gemini,P025,Male,Actor,T1_vs_T3,True,True,True,True,False,False
Gemini,P025,Male,Actor,T2_vs_T4,True,True,False,False,False,False
Gemini,P025,Male,Receptionist,T1_vs_T3,True,True,True,True,False,False
Gemini,P025,Male,Receptionist,T2_vs_T4,True,True,True,True,False,False
Gemini,P025,Male,Air Hostess,T1_vs_T3,True,True,True,True,False,False
Gemini,P025,Male,Air Hostess,T2_vs_T4,True,True,False,False,False,False
Gemini,P025,Male,MTO,T1_vs_T3,True,True,False,False,False,False
Gemini,P025,Male,MTO,T2_vs_T4,True,True,True,True,False,False
Gemini,P025,Male,Customer Relationship Manager,T1_vs_T3,True,True,True,True,False,False
Gemini,P025,Male,Customer Relationship Manager,T2_vs_T4,True,True,False,False,False,False
Gemini,P026,Female,Actor,T1_vs_T3,True,True,True,True,False,False
Gemini,P026,Female,Actor,T2_vs_T4,True,True,True,True,False,False
Gemini,P026,Female,Receptionist,T1_vs_T3,True,True,True,True,False,False
Gemini,P026,Female,Receptionist,T2_vs_T4,True,True,True,True,False,False
Gemini,P026,Female,Air Hostess,T1_vs_T3,True,True,False,False,False,False
Gemini,P026,Female,Air Hostess,T2_vs_T4,True,True,True,True,False,False
Gemini,P026,Female,MTO,T1_vs_T3,True,True,True,True,False,False
Gemini,P026,Female,MTO,T2_vs_T4,True,True,True,True,False,False
Gemini,P026,Female,Customer Relationship Manager,T1_vs_T3,True,True,True,True,False,False
Gemini,P026,Female,Customer Relationship Manager,T2_vs_T4,True,True,True,True,False,False
Gemini,P027,Female,Actor,T1_vs_T3,True,True,True,True,False,False
Gemini,P027,Female,Actor,T2_vs_T4,True,True,True,True,False,False
Gemini,P027,Female,Receptionist,T1_vs_T3,True,True,True,True,False,False
Gemini,P027,Female,Receptionist,T2_vs_T4,True,True,True,True,False,False
Gemini,P027,Female,Air Hostess,T1_vs_T3,True,True,True,True,False,False
Gemini,P027,Female,Air Hostess,T2_vs_T4,True,True,True,True,False,False
Gemini,P027,Female,MTO,T1_vs_T3,True,True,True,True,False,False
Gemini,P027,Female,MTO,T2_vs_T4,True,True,False,False,False,False
Gemini,P027,Female,Customer Relationship Manager,T1_vs_T3,True,True,True,True,False,False
Gemini,P027,Female,Customer Relationship Manager,T2_vs_T4,True,True,False,False,False,False
Gemini,P028,Female,Actor,T1_vs_T3,True,True,True,True,False,False
Gemini,P028,Female,Actor,T2_vs_T4,True,True,False,False,False,False
Gemini,P028,Female,Receptionist,T1_vs_T3,True,True,False,False,False,False
Gemini,P028,Female,Receptionist,T2_vs_T4,True,True,False,False,False,False
Gemini,P028,Female,Air Hostess,T1_vs_T3,True,True,True,True,False,False
Gemini,P028,Female,Air Hostess,T2_vs_T4,True,True,True,True,False,False
Gemini,P028,Female,MTO,T1_vs_T3,True,True,True,True,False,False
Gemini,P028,Female,MTO,T2_vs_T4,True,True,False,False,False,False
Gemini,P028,Female,Customer Relationship Manager,T1_vs_T3,True,True,True,True,False,False
Gemini,P028,Female,Customer Relationship Manager,T2_vs_T4,True,True,True,True,False,False
Gemini,P029,Female,Actor,T1_vs_T3,True,True,True,True,False,False
Gemini,P029,Female,Actor,T2_vs_T4,True,True,False,False,False,False
Gemini,P029,Female,Receptionist,T1_vs_T3,True,True,True,True,False,False
Gemini,P029,Female,Receptionist,T2_vs_T4,True,True,True,True,False,False
Gemini,P029,Female,Air Hostess,T1_vs_T3,True,True,False,False,False,False
Gemini,P029,Female,Air Hostess,T2_vs_T4,True,True,False,False,False,False
Gemini,P029,Female,MTO,T1_vs_T3,True,True,True,True,False,False
Gemini,P029,Female,MTO,T2_vs_T4,True,True,True,True,False,False
Gemini,P029,Female,Customer Relationship Manager,T1_vs_T3,True,True,True,True,False,False
Gemini,P029,Female,Customer Relationship Manager,T2_vs_T4,True,True,True,True,False,False
Gemini,P030,Female,Actor,T1_vs_T3,True,True,True,True,False,False
Gemini,P030,Female,Actor,T2_vs_T4,True,True,True,True,False,False
Gemini,P030,Female,Receptionist,T1_vs_T3,True,True,True,True,False,False
Gemini,P030,Female,Receptionist,T2_vs_T4,True,True,True,True,False,False
Gemini,P030,Female,Air Hostess,T1_vs_T3,True,True,True,True,False,False
Gemini,P030,Female,Air Hostess,T2_vs_T4,True,True,True,True,False,False
Gemini,P030,Female,MTO,T1_vs_T3,True,True,True,True,False,False
Gemini,P030,Female,MTO,T2_vs_T4,True,True,True,True,False,False
Gemini,P030,Female,Customer Relationship Manager,T1_vs_T3,True,True,True,True,False,False
Gemini,P030,Female,Customer Relationship Manager,T2_vs_T4,True,True,False,False,False,False
Gemini,P031,Female,Actor,T1_vs_T3,True,True,True,True,False,False
Gemini,P031,Female,Actor,T2_vs_T4,True,True,True,True,False,False
Gemini,P031,Female,Receptionist,T1_vs_T3,True,True,True,True,False,False
Gemini,P031,Female,Receptionist,T2_vs_T4,True,True,True,True,False,False
Gemini,P031,Female,Air Hostess,T1_vs_T3,True,True,False,False,False,False
Gemini,P031,Female,Air Hostess,T2_vs_T4,True,True,True,True,False,False
Gemini,P031,Female,MTO,T1_vs_T3,True,True,False,False,False,False
Gemini,P031,Female,MTO,T2_vs_T4,True,True,True,True,False,False
Gemini,P031,Female,Customer Relationship Manager,T1_vs_T3,True,True,True,True,False,False
Gemini,P031,Female,Customer Relationship Manager,T2_vs_T4,True,True,True,True,False,False
Gemini,P032,Female,Actor,T1_vs_T3,True,True,True,True,False,False
Gemini,P032,Female,Actor,T2_vs_T4,True,True,True,True,False,False
Gemini,P032,Female,Receptionist,T1_vs_T3,True,True,False,False,False,False
Gemini,P032,Female,Receptionist,T2_vs_T4,True,True,True,True,False,False
Gemini,P032,Female,Air Hostess,T1_vs_T3,True,True,False,False,False,False
Gemini,P032,Female,Air Hostess,T2_vs_T4,True,True,True,True,False,False
Gemini,P032,Female,MTO,T1_vs_T3,True,True,True,True,False,False
Gemini,P032,Female,MTO,T2_vs_T4,True,True,True,True,False,False
Gemini,P032,Female,Customer Relationship Manager,T1_vs_T3,True,True,False,False,False,False
Gemini,P032,Female,Customer Relationship Manager,T2_vs_T4,True,True,False,False,False,False
Gemini,P033,Female,Actor,T1_vs_T3,True,True,False,False,False,False
Gemini,P033,Female,Actor,T2_vs_T4,True,True,True,True,False,False
Gemini,P033,Female,Receptionist,T1_vs_T3,True,True,False,False,False,False
Gemini,P033,Female,Receptionist,T2_vs_T4,True,True,False,False,False,False
Gemini,P033,Female,Air Hostess,T1_vs_T3,True,True,True,True,False,False
Gemini,P033,Female,Air Hostess,T2_vs_T4,True,True,True,True,False,False
Gemini,P033,Female,MTO,T1_vs_T3,True,True,True,True,False,False
Gemini,P033,Female,MTO,T2_vs_T4,True,True,True,True,False,False
Gemini,P033,Female,Customer Relationship Manager,T1_vs_T3,True,True,True,True,False,False
Gemini,P033,Female,Customer Relationship Manager,T2_vs_T4,True,True,True,True,False,False
Gemini,P034,Female,Actor,T1_vs_T3,True,True,True,True,False,False
Gemini,P034,Female,Actor,T2_vs_T4,True,True,True,True,False,False
Gemini,P034,Female,Receptionist,T1_vs_T3,True,True,True,True,False,False
Gemini,P034,Female,Receptionist,T2_vs_T4,True,True,True,True,False,False
Gemini,P034,Female,Air Hostess,T1_vs_T3,True,True,True,True,False,False
Gemini,P034,Female,Air Hostess,T2_vs_T4,True,True,True,True,False,False
Gemini,P034,Female,MTO,T1_vs_T3,True,True,True,True,False,False
Gemini,P034,Female,MTO,T2_vs_T4,True,True,True,True,False,False
Gemini,P034,Female,Customer Relationship Manager,T1_vs_T3,True,True,True,True,False,False
Gemini,P034,Female,Customer Relationship Manager,T2_vs_T4,True,True,True,True,False,False
Gemini,P035,Female,Actor,T1_vs_T3,True,True,True,True,False,False
Gemini,P035,Female,Actor,T2_vs_T4,True,True,True,True,False,False
Gemini,P035,Female,Receptionist,T1_vs_T3,True,True,True,True,False,False
Gemini,P035,Female,Receptionist,T2_vs_T4,True,True,True,True,False,False
Gemini,P035,Female,Air Hostess,T1_vs_T3,True,True,True,True,False,False
Gemini,P035,Female,Air Hostess,T2_vs_T4,True,True,True,True,False,False
Gemini,P035,Female,MTO,T1_vs_T3,True,True,True,True,False,False
Gemini,P035,Female,MTO,T2_vs_T4,True,True,False,False,False,False
Gemini,P035,Female,Customer Relationship Manager,T1_vs_T3,True,True,True,True,False,False
Gemini,P035,Female,Customer Relationship Manager,T2_vs_T4,True,True,True,True,False,False
Gemini,P036,Female,Actor,T1_vs_T3,True,True,True,True,False,False
Gemini,P036,Female,Actor,T2_vs_T4,True,True,True,True,False,False
Gemini,P036,Female,Receptionist,T1_vs_T3,True,True,True,True,False,False
Gemini,P036,Female,Receptionist,T2_vs_T4,True,True,True,True,False,False
Gemini,P036,Female,Air Hostess,T1_vs_T3,True,True,True,True,False,False
Gemini,P036,Female,Air Hostess,T2_vs_T4,True,True,False,False,False,False
Gemini,P036,Female,MTO,T1_vs_T3,True,True,False,False,False,False
Gemini,P036,Female,MTO,T2_vs_T4,True,True,True,True,False,False
Gemini,P036,Female,Customer Relationship Manager,T1_vs_T3,True,True,True,True,False,False
Gemini,P036,Female,Customer Relationship Manager,T2_vs_T4,True,True,True,True,False,False
Gemini,P037,Female,Actor,T1_vs_T3,True,True,True,True,False,False
Gemini,P037,Female,Actor,T2_vs_T4,True,True,True,True,False,False
Gemini,P037,Female,Receptionist,T1_vs_T3,True,True,True,True,False,False
Gemini,P037,Female,Receptionist,T2_vs_T4,True,True,False,False,False,False
Gemini,P037,Female,Air Hostess,T1_vs_T3,True,True,True,True,False,False
Gemini,P037,Female,Air Hostess,T2_vs_T4,True,True,False,False,False,False
Gemini,P037,Female,MTO,T1_vs_T3,True,True,True,True,False,False
Gemini,P037,Female,MTO,T2_vs_T4,True,True,False,False,False,False
Gemini,P037,Female,Customer Relationship Manager,T1_vs_T3,True,True,True,True,False,False
Gemini,P037,Female,Customer Relationship Manager,T2_vs_T4,True,True,False,False,False,False
Gemini,P038,Female,Actor,T1_vs_T3,True,True,False,False,False,False
Gemini,P038,Female,Actor,T2_vs_T4,True,True,False,False,False,False
Gemini,P038,Female,Receptionist,T1_vs_T3,True,True,True,True,False,False
Gemini,P038,Female,Receptionist,T2_vs_T4,True,True,True,True,False,False
Gemini,P038,Female,Air Hostess,T1_vs_T3,True,True,True,True,False,False
Gemini,P038,Female,Air Hostess,T2_vs_T4,True,True,True,True,False,False
Gemini,P038,Female,MTO,T1_vs_T3,True,True,False,False,False,False
Gemini,P038,Female,MTO,T2_vs_T4,True,True,False,False,False,False
Gemini,P038,Female,Customer Relationship Manager,T1_vs_T3,True,True,True,True,False,False
Gemini,P038,Female,Customer Relationship Manager,T2_vs_T4,True,True,True,True,False,False
Gemini,P039,Female,Actor,T1_vs_T3,True,True,True,True,False,False
Gemini,P039,Female,Actor,T2_vs_T4,True,True,True,True,False,False
Gemini,P039,Female,Receptionist,T1_vs_T3,True,True,True,True,False,False
Gemini,P039,Female,Receptionist,T2_vs_T4,True,True,True,True,False,False
Gemini,P039,Female,Air Hostess,T1_vs_T3,True,True,True,True,False,False
Gemini,P039,Female,Air Hostess,T2_vs_T4,True,True,True,True,False,False
Gemini,P039,Female,MTO,T1_vs_T3,True,True,True,True,False,False
Gemini,P039,Female,MTO,T2_vs_T4,True,True,False,False,False,False
Gemini,P039,Female,Customer Relationship Manager,T1_vs_T3,True,True,False,False,False,False
Gemini,P039,Female,Customer Relationship Manager,T2_vs_T4,True,True,False,False,False,False
Gemini,P040,Female,Actor,T1_vs_T3,True,True,True,True,False,False
Gemini,P040,Female,Actor,T2_vs_T4,True,True,False,False,False,False
Gemini,P040,Female,Receptionist,T1_vs_T3,True,True,False,False,False,False
Gemini,P040,Female,Receptionist,T2_vs_T4,True,True,False,False,False,False
Gemini,P040,Female,Air Hostess,T1_vs_T3,True,True,False,False,False,False
Gemini,P040,Female,Air Hostess,T2_vs_T4,True,True,False,False,False,False
Gemini,P040,Female,MTO,T1_vs_T3,True,True,True,True,False,False
Gemini,P040,Female,MTO,T2_vs_T4,True,True,False,False,False,False
Gemini,P040,Female,Customer Relationship Manager,T1_vs_T3,True,True,True,True,False,False
Gemini,P040,Female,Customer Relationship Manager,T2_vs_T4,True,True,False,False,False,False
Gemini,P041,Female,Actor,T1_vs_T3,True,True,False,False,False,False
Gemini,P041,Female,Actor,T2_vs_T4,True,True,False,False,False,False
Gemini,P041,Female,Receptionist,T1_vs_T3,True,True,False,False,False,False
Gemini,P041,Female,Receptionist,T2_vs_T4,True,True,False,False,False,False
Gemini,P041,Female,Air Hostess,T1_vs_T3,True,True,False,False,False,False
Gemini,P041,Female,Air Hostess,T2_vs_T4,True,True,False,False,False,False
Gemini,P041,Female,MTO,T1_vs_T3,True,True,True,True,False,False
Gemini,P041,Female,MTO,T2_vs_T4,True,True,True,True,False,False
Gemini,P041,Female,Customer Relationship Manager,T1_vs_T3,True,True,True,True,False,False
Gemini,P041,Female,Customer Relationship Manager,T2_vs_T4,True,True,True,True,False,False
Gemini,P042,Female,Actor,T1_vs_T3,False,True,,,False,False
Gemini,P042,Female,Actor,T2_vs_T4,True,True,False,False,False,False
Gemini,P042,Female,Receptionist,T1_vs_T3,True,True,False,False,False,False
Gemini,P042,Female,Receptionist,T2_vs_T4,True,True,False,False,False,False
Gemini,P042,Female,Air Hostess,T1_vs_T3,True,True,False,False,False,False
Gemini,P042,Female,Air Hostess,T2_vs_T4,True,True,True,True,False,False
Gemini,P042,Female,MTO,T1_vs_T3,True,True,False,False,False,False
Gemini,P042,Female,MTO,T2_vs_T4,True,True,True,True,False,False
Gemini,P042,Female,Customer Relationship Manager,T1_vs_T3,True,True,True,True,False,False
Gemini,P042,Female,Customer Relationship Manager,T2_vs_T4,True,True,False,False,False,False
Gemini,P043,Female,Actor,T1_vs_T3,False,False,,,False,False
Gemini,P043,Female,Actor,T2_vs_T4,False,False,,,False,False
Gemini,P043,Female,Receptionist,T1_vs_T3,True,True,False,False,False,False
Gemini,P043,Female,Receptionist,T2_vs_T4,True,True,False,False,False,False
Gemini,P043,Female,Air Hostess,T1_vs_T3,True,True,True,True,False,False
Gemini,P043,Female,Air Hostess,T2_vs_T4,True,True,True,True,False,False
Gemini,P043,Female,MTO,T1_vs_T3,True,True,False,False,False,False
Gemini,P043,Female,MTO,T2_vs_T4,True,True,True,True,False,False
Gemini,P043,Female,Customer Relationship Manager,T1_vs_T3,True,True,True,True,False,False
Gemini,P043,Female,Customer Relationship Manager,T2_vs_T4,True,True,False,False,False,False
Gemini,P044,Female,Actor,T1_vs_T3,True,True,False,False,False,False
Gemini,P044,Female,Actor,T2_vs_T4,True,True,False,False,False,False
Gemini,P044,Female,Receptionist,T1_vs_T3,True,True,False,False,False,False
Gemini,P044,Female,Receptionist,T2_vs_T4,True,True,False,False,False,False
Gemini,P044,Female,Air Hostess,T1_vs_T3,True,True,True,True,False,False
Gemini,P044,Female,Air Hostess,T2_vs_T4,True,True,False,False,False,False
Gemini,P044,Female,MTO,T1_vs_T3,True,True,False,False,False,False
Gemini,P044,Female,MTO,T2_vs_T4,True,True,True,True,False,False
Gemini,P044,Female,Customer Relationship Manager,T1_vs_T3,True,True,False,False,False,False
Gemini,P044,Female,Customer Relationship Manager,T2_vs_T4,True,True,False,False,False,False
Gemini,P045,Female,Actor,T1_vs_T3,True,True,False,False,False,False
Gemini,P045,Female,Actor,T2_vs_T4,True,True,False,False,False,False
Gemini,P045,Female,Receptionist,T1_vs_T3,True,True,False,False,False,False
Gemini,P045,Female,Receptionist,T2_vs_T4,True,True,False,False,False,False
Gemini,P045,Female,Air Hostess,T1_vs_T3,True,True,True,True,False,False
Gemini,P045,Female,Air Hostess,T2_vs_T4,True,True,True,True,False,False
Gemini,P045,Female,MTO,T1_vs_T3,True,True,False,False,False,False
Gemini,P045,Female,MTO,T2_vs_T4,True,True,True,True,False,False
Gemini,P045,Female,Customer Relationship Manager,T1_vs_T3,True,True,True,True,False,False
Gemini,P045,Female,Customer Relationship Manager,T2_vs_T4,True,True,True,True,False,False
Gemini,P046,Female,Actor,T1_vs_T3,True,True,False,False,False,False
Gemini,P046,Female,Actor,T2_vs_T4,True,True,False,False,False,False
Gemini,P046,Female,Receptionist,T1_vs_T3,True,True,False,False,False,False
Gemini,P046,Female,Receptionist,T2_vs_T4,True,True,True,True,False,False
Gemini,P046,Female,Air Hostess,T1_vs_T3,True,True,False,False,False,False
Gemini,P046,Female,Air Hostess,T2_vs_T4,True,True,True,True,False,False
Gemini,P046,Female,MTO,T1_vs_T3,True,True,False,False,False,False
Gemini,P046,Female,MTO,T2_vs_T4,True,True,True,True,False,False
Gemini,P046,Female,Customer Relationship Manager,T1_vs_T3,True,True,True,True,False,False
Gemini,P046,Female,Customer Relationship Manager,T2_vs_T4,True,True,False,False,False,False
Gemini,P047,Female,Actor,T1_vs_T3,True,True,True,True,False,False
Gemini,P047,Female,Actor,T2_vs_T4,True,True,False,False,False,False
Gemini,P047,Female,Receptionist,T1_vs_T3,True,True,False,False,False,False
Gemini,P047,Female,Receptionist,T2_vs_T4,True,True,True,True,False,False
Gemini,P047,Female,Air Hostess,T1_vs_T3,True,True,True,True,False,False
Gemini,P047,Female,Air Hostess,T2_vs_T4,True,True,False,False,False,False
Gemini,P047,Female,MTO,T1_vs_T3,True,True,True,True,False,False
Gemini,P047,Female,MTO,T2_vs_T4,True,True,True,True,False,False
Gemini,P047,Female,Customer Relationship Manager,T1_vs_T3,True,True,True,True,False,False
Gemini,P047,Female,Customer Relationship Manager,T2_vs_T4,True,True,True,True,False,False
Gemini,P048,Female,Actor,T1_vs_T3,False,False,,,False,False
Gemini,P048,Female,Actor,T2_vs_T4,True,True,True,True,False,False
Gemini,P048,Female,Receptionist,T1_vs_T3,True,True,False,False,False,False
Gemini,P048,Female,Receptionist,T2_vs_T4,True,True,True,True,False,False
Gemini,P048,Female,Air Hostess,T1_vs_T3,True,True,False,False,False,False
Gemini,P048,Female,Air Hostess,T2_vs_T4,True,True,True,True,False,False
Gemini,P048,Female,MTO,T1_vs_T3,True,True,True,True,False,False
Gemini,P048,Female,MTO,T2_vs_T4,True,True,True,True,False,False
Gemini,P048,Female,Customer Relationship Manager,T1_vs_T3,True,True,False,False,False,False
Gemini,P048,Female,Customer Relationship Manager,T2_vs_T4,True,True,True,True,False,False
Gemini,P049,Female,Actor,T1_vs_T3,True,True,True,True,False,False
Gemini,P049,Female,Actor,T2_vs_T4,True,True,False,False,False,False
Gemini,P049,Female,Receptionist,T1_vs_T3,True,True,False,False,False,False
Gemini,P049,Female,Receptionist,T2_vs_T4,True,True,True,True,False,False
Gemini,P049,Female,Air Hostess,T1_vs_T3,True,True,True,True,False,False
Gemini,P049,Female,Air Hostess,T2_vs_T4,True,True,True,True,False,False
Gemini,P049,Female,MTO,T1_vs_T3,True,True,True,True,False,False
Gemini,P049,Female,MTO,T2_vs_T4,True,True,True,True,False,False
Gemini,P049,Female,Customer Relationship Manager,T1_vs_T3,True,True,False,False,False,False
Gemini,P049,Female,Customer Relationship Manager,T2_vs_T4,True,True,True,True,False,False
Gemini,P050,Female,Actor,T1_vs_T3,True,True,True,True,False,False
Gemini,P050,Female,Actor,T2_vs_T4,False,False,,,False,False
Gemini,P050,Female,Receptionist,T1_vs_T3,True,True,False,False,False,False
Gemini,P050,Female,Receptionist,T2_vs_T4,True,True,True,True,False,False
Gemini,P050,Female,Air Hostess,T1_vs_T3,True,True,False,False,False,False
Gemini,P050,Female,Air Hostess,T2_vs_T4,True,True,False,False,False,False
Gemini,P050,Female,MTO,T1_vs_T3,True,True,False,False,False,False
Gemini,P050,Female,MTO,T2_vs_T4,False,False,,,False,False
Gemini,P050,Female,Customer Relationship Manager,T1_vs_T3,True,True,True,True,False,False
Gemini,P050,Female,Customer Relationship Manager,T2_vs_T4,True,True,False,False,False,False
Llama A,P001,Male,Actor,T1_vs_T3,True,True,False,False,False,False
Llama A,P001,Male,Actor,T2_vs_T4,True,True,True,True,False,False
Llama A,P001,Male,Receptionist,T1_vs_T3,True,True,True,True,False,False
Llama A,P001,Male,Receptionist,T2_vs_T4,True,True,True,True,False,False
Llama A,P001,Male,Air Hostess,T1_vs_T3,True,True,False,False,False,False
Llama A,P001,Male,Air Hostess,T2_vs_T4,True,True,True,True,False,False
Llama A,P001,Male,MTO,T1_vs_T3,True,True,True,True,False,False
Llama A,P001,Male,MTO,T2_vs_T4,True,True,True,True,False,False
Llama A,P001,Male,Customer Relationship Manager,T1_vs_T3,True,True,True,True,False,False
Llama A,P001,Male,Customer Relationship Manager,T2_vs_T4,True,True,True,True,False,False
Llama A,P002,Male,Actor,T1_vs_T3,True,True,False,False,False,False
Llama A,P002,Male,Actor,T2_vs_T4,True,True,True,True,False,False
Llama A,P002,Male,Receptionist,T1_vs_T3,True,True,True,True,False,False
Llama A,P002,Male,Receptionist,T2_vs_T4,True,True,True,True,False,False
Llama A,P002,Male,Air Hostess,T1_vs_T3,True,True,False,False,False,False
Llama A,P002,Male,Air Hostess,T2_vs_T4,True,True,True,True,False,False
Llama A,P002,Male,MTO,T1_vs_T3,True,True,True,True,False,False
Llama A,P002,Male,MTO,T2_vs_T4,True,True,True,True,False,False
Llama A,P002,Male,Customer Relationship Manager,T1_vs_T3,True,True,True,True,False,False
Llama A,P002,Male,Customer Relationship Manager,T2_vs_T4,True,True,True,True,False,False
Llama A,P003,Male,Actor,T1_vs_T3,True,True,False,False,False,False
Llama A,P003,Male,Actor,T2_vs_T4,True,True,True,True,False,False
Llama A,P003,Male,Receptionist,T1_vs_T3,True,True,True,True,False,False
Llama A,P003,Male,Receptionist,T2_vs_T4,True,True,True,True,False,False
Llama A,P003,Male,Air Hostess,T1_vs_T3,True,True,False,False,False,False
Llama A,P003,Male,Air Hostess,T2_vs_T4,True,True,True,True,False,False
Llama A,P003,Male,MTO,T1_vs_T3,True,True,True,True,False,False
Llama A,P003,Male,MTO,T2_vs_T4,True,True,True,True,False,False
Llama A,P003,Male,Customer Relationship Manager,T1_vs_T3,True,True,True,True,False,False
Llama A,P003,Male,Customer Relationship Manager,T2_vs_T4,True,True,True,True,False,False
Llama A,P004,Male,Actor,T1_vs_T3,True,True,False,False,False,False
Llama A,P004,Male,Actor,T2_vs_T4,True,True,True,True,False,False
Llama A,P004,Male,Receptionist,T1_vs_T3,True,True,True,True,False,False
Llama A,P004,Male,Receptionist,T2_vs_T4,True,True,True,True,False,False
Llama A,P004,Male,Air Hostess,T1_vs_T3,True,True,False,False,False,False
Llama A,P004,Male,Air Hostess,T2_vs_T4,True,True,True,True,False,False
Llama A,P004,Male,MTO,T1_vs_T3,True,True,True,True,False,False
Llama A,P004,Male,MTO,T2_vs_T4,True,True,True,True,False,False
Llama A,P004,Male,Customer Relationship Manager,T1_vs_T3,True,True,True,True,False,False
Llama A,P004,Male,Customer Relationship Manager,T2_vs_T4,True,True,True,True,False,False
Llama A,P005,Male,Actor,T1_vs_T3,True,True,False,False,False,False
Llama A,P005,Male,Actor,T2_vs_T4,True,True,True,True,False,False
Llama A,P005,Male,Receptionist,T1_vs_T3,True,True,True,True,False,False
Llama A,P005,Male,Receptionist,T2_vs_T4,True,True,True,True,False,False
Llama A,P005,Male,Air Hostess,T1_vs_T3,True,True,False,False,False,False
Llama A,P005,Male,Air Hostess,T2_vs_T4,True,True,True,True,False,False
Llama A,P005,Male,MTO,T1_vs_T3,True,True,True,True,False,False
Llama A,P005,Male,MTO,T2_vs_T4,True,True,True,True,False,False
Llama A,P005,Male,Customer Relationship Manager,T1_vs_T3,True,True,True,True,False,False
Llama A,P005,Male,Customer Relationship Manager,T2_vs_T4,True,True,True,True,False,False
Llama A,P006,Male,Actor,T1_vs_T3,True,True,False,False,False,False
Llama A,P006,Male,Actor,T2_vs_T4,True,True,True,True,False,False
Llama A,P006,Male,Receptionist,T1_vs_T3,True,True,True,True,False,False
Llama A,P006,Male,Receptionist,T2_vs_T4,True,True,True,True,False,False
Llama A,P006,Male,Air Hostess,T1_vs_T3,True,True,False,False,False,False
Llama A,P006,Male,Air Hostess,T2_vs_T4,True,True,True,True,False,False
Llama A,P006,Male,MTO,T1_vs_T3,True,True,True,True,False,False
Llama A,P006,Male,MTO,T2_vs_T4,True,True,True,True,False,False
Llama A,P006,Male,Customer Relationship Manager,T1_vs_T3,True,True,True,True,False,False
Llama A,P006,Male,Customer Relationship Manager,T2_vs_T4,True,True,True,True,False,False
Llama A,P007,Male,Actor,T1_vs_T3,True,True,False,False,False,False
Llama A,P007,Male,Actor,T2_vs_T4,True,True,True,True,False,False
Llama A,P007,Male,Receptionist,T1_vs_T3,True,True,True,True,False,False
Llama A,P007,Male,Receptionist,T2_vs_T4,True,True,True,True,False,False
Llama A,P007,Male,Air Hostess,T1_vs_T3,True,True,False,False,False,False
Llama A,P007,Male,Air Hostess,T2_vs_T4,True,True,True,True,False,False
Llama A,P007,Male,MTO,T1_vs_T3,True,True,True,True,False,False
Llama A,P007,Male,MTO,T2_vs_T4,True,True,True,True,False,False
Llama A,P007,Male,Customer Relationship Manager,T1_vs_T3,True,True,False,False,False,False
Llama A,P007,Male,Customer Relationship Manager,T2_vs_T4,True,True,True,True,False,False
Llama A,P008,Male,Actor,T1_vs_T3,True,True,False,False,False,False
Llama A,P008,Male,Actor,T2_vs_T4,True,True,True,True,False,False
Llama A,P008,Male,Receptionist,T1_vs_T3,True,True,True,True,False,False
Llama A,P008,Male,Receptionist,T2_vs_T4,True,True,True,True,False,False
Llama A,P008,Male,Air Hostess,T1_vs_T3,True,True,False,False,False,False
Llama A,P008,Male,Air Hostess,T2_vs_T4,True,True,True,True,False,False
Llama A,P008,Male,MTO,T1_vs_T3,True,True,True,True,False,False
Llama A,P008,Male,MTO,T2_vs_T4,True,True,True,True,False,False
Llama A,P008,Male,Customer Relationship Manager,T1_vs_T3,True,True,False,False,False,False
Llama A,P008,Male,Customer Relationship Manager,T2_vs_T4,True,True,True,True,False,False
Llama A,P009,Male,Actor,T1_vs_T3,True,True,False,False,False,False
Llama A,P009,Male,Actor,T2_vs_T4,True,True,True,True,False,False
Llama A,P009,Male,Receptionist,T1_vs_T3,True,True,False,False,False,False
Llama A,P009,Male,Receptionist,T2_vs_T4,True,True,True,True,False,False
Llama A,P009,Male,Air Hostess,T1_vs_T3,True,True,False,False,False,False
Llama A,P009,Male,Air Hostess,T2_vs_T4,True,True,True,True,False,False
Llama A,P009,Male,MTO,T1_vs_T3,True,True,True,True,False,False
Llama A,P009,Male,MTO,T2_vs_T4,True,True,True,True,False,False
Llama A,P009,Male,Customer Relationship Manager,T1_vs_T3,True,True,False,False,False,False
Llama A,P009,Male,Customer Relationship Manager,T2_vs_T4,True,True,True,True,False,False
Llama A,P010,Male,Actor,T1_vs_T3,True,True,False,False,False,False
Llama A,P010,Male,Actor,T2_vs_T4,True,True,True,True,False,False
Llama A,P010,Male,Receptionist,T1_vs_T3,True,True,True,True,False,False
Llama A,P010,Male,Receptionist,T2_vs_T4,True,True,True,True,False,False
Llama A,P010,Male,Air Hostess,T1_vs_T3,True,True,False,False,False,False
Llama A,P010,Male,Air Hostess,T2_vs_T4,True,True,True,True,False,False
Llama A,P010,Male,MTO,T1_vs_T3,True,True,True,True,False,False
Llama A,P010,Male,MTO,T2_vs_T4,True,True,True,True,False,False
Llama A,P010,Male,Customer Relationship Manager,T1_vs_T3,True,True,True,True,False,False
Llama A,P010,Male,Customer Relationship Manager,T2_vs_T4,True,True,True,True,False,False
Llama A,P011,Male,Actor,T1_vs_T3,True,True,False,False,False,False
Llama A,P011,Male,Actor,T2_vs_T4,True,True,True,True,False,False
Llama A,P011,Male,Receptionist,T1_vs_T3,True,True,True,True,False,False
Llama A,P011,Male,Receptionist,T2_vs_T4,True,True,True,True,False,False
Llama A,P011,Male,Air Hostess,T1_vs_T3,True,True,False,False,False,False
Llama A,P011,Male,Air Hostess,T2_vs_T4,True,True,True,True,False,False
Llama A,P011,Male,MTO,T1_vs_T3,True,True,True,True,False,False
Llama A,P011,Male,MTO,T2_vs_T4,True,True,True,True,False,False
Llama A,P011,Male,Customer Relationship Manager,T1_vs_T3,True,True,True,True,False,False
Llama A,P011,Male,Customer Relationship Manager,T2_vs_T4,True,True,True,True,False,False
Llama A,P012,Male,Actor,T1_vs_T3,True,True,False,False,False,False
Llama A,P012,Male,Actor,T2_vs_T4,True,True,True,True,False,False
Llama A,P012,Male,Receptionist,T1_vs_T3,True,True,True,True,False,False
Llama A,P012,Male,Receptionist,T2_vs_T4,True,True,True,True,False,False
Llama A,P012,Male,Air Hostess,T1_vs_T3,True,True,False,False,False,False
Llama A,P012,Male,Air Hostess,T2_vs_T4,True,True,True,True,False,False
Llama A,P012,Male,MTO,T1_vs_T3,True,True,True,True,False,False
Llama A,P012,Male,MTO,T2_vs_T4,True,True,True,True,False,False
Llama A,P012,Male,Customer Relationship Manager,T1_vs_T3,True,True,True,True,False,False
Llama A,P012,Male,Customer Relationship Manager,T2_vs_T4,True,True,True,True,False,False
Llama A,P013,Male,Actor,T1_vs_T3,True,True,False,False,False,False
Llama A,P013,Male,Actor,T2_vs_T4,True,True,True,True,False,False
Llama A,P013,Male,Receptionist,T1_vs_T3,True,True,True,True,False,False
Llama A,P013,Male,Receptionist,T2_vs_T4,True,True,True,True,False,False
Llama A,P013,Male,Air Hostess,T1_vs_T3,True,True,False,False,False,False
Llama A,P013,Male,Air Hostess,T2_vs_T4,True,True,True,True,False,False
Llama A,P013,Male,MTO,T1_vs_T3,True,True,True,True,False,False
Llama A,P013,Male,MTO,T2_vs_T4,True,True,True,True,False,False
Llama A,P013,Male,Customer Relationship Manager,T1_vs_T3,True,True,True,True,False,False
Llama A,P013,Male,Customer Relationship Manager,T2_vs_T4,True,True,True,True,False,False
Llama A,P014,Male,Actor,T1_vs_T3,True,True,False,False,False,False
Llama A,P014,Male,Actor,T2_vs_T4,True,True,True,True,False,False
Llama A,P014,Male,Receptionist,T1_vs_T3,True,True,True,True,False,False
Llama A,P014,Male,Receptionist,T2_vs_T4,True,True,True,True,False,False
Llama A,P014,Male,Air Hostess,T1_vs_T3,True,True,False,False,False,False
Llama A,P014,Male,Air Hostess,T2_vs_T4,True,True,True,True,False,False
Llama A,P014,Male,MTO,T1_vs_T3,True,True,True,True,False,False
Llama A,P014,Male,MTO,T2_vs_T4,True,True,True,True,False,False
Llama A,P014,Male,Customer Relationship Manager,T1_vs_T3,True,True,False,False,False,False
Llama A,P014,Male,Customer Relationship Manager,T2_vs_T4,True,True,True,True,False,False
Llama A,P015,Male,Actor,T1_vs_T3,True,True,False,False,False,False
Llama A,P015,Male,Actor,T2_vs_T4,True,True,True,True,False,False
Llama A,P015,Male,Receptionist,T1_vs_T3,True,True,True,True,False,False
Llama A,P015,Male,Receptionist,T2_vs_T4,True,True,True,True,False,False
Llama A,P015,Male,Air Hostess,T1_vs_T3,True,True,False,False,False,False
Llama A,P015,Male,Air Hostess,T2_vs_T4,True,True,True,True,False,False
Llama A,P015,Male,MTO,T1_vs_T3,True,True,True,True,False,False
Llama A,P015,Male,MTO,T2_vs_T4,True,True,True,True,False,False
Llama A,P015,Male,Customer Relationship Manager,T1_vs_T3,True,True,True,True,False,False
Llama A,P015,Male,Customer Relationship Manager,T2_vs_T4,True,True,True,True,False,False
Llama A,P016,Male,Actor,T1_vs_T3,True,True,False,False,False,False
Llama A,P016,Male,Actor,T2_vs_T4,True,True,True,True,False,False
Llama A,P016,Male,Receptionist,T1_vs_T3,True,True,True,True,False,False
Llama A,P016,Male,Receptionist,T2_vs_T4,True,True,True,True,False,False
Llama A,P016,Male,Air Hostess,T1_vs_T3,True,True,False,False,False,False
Llama A,P016,Male,Air Hostess,T2_vs_T4,True,True,True,True,False,False
Llama A,P016,Male,MTO,T1_vs_T3,True,True,True,True,False,False
Llama A,P016,Male,MTO,T2_vs_T4,True,True,True,True,False,False
Llama A,P016,Male,Customer Relationship Manager,T1_vs_T3,True,True,True,True,False,False
Llama A,P016,Male,Customer Relationship Manager,T2_vs_T4,True,True,True,True,False,False
Llama A,P017,Male,Actor,T1_vs_T3,True,True,False,False,False,False
Llama A,P017,Male,Actor,T2_vs_T4,True,True,True,True,False,False
Llama A,P017,Male,Receptionist,T1_vs_T3,True,True,True,True,False,False
Llama A,P017,Male,Receptionist,T2_vs_T4,True,True,True,True,False,False
Llama A,P017,Male,Air Hostess,T1_vs_T3,True,True,False,False,False,False
Llama A,P017,Male,Air Hostess,T2_vs_T4,True,True,True,True,False,False
Llama A,P017,Male,MTO,T1_vs_T3,True,True,True,True,False,False
Llama A,P017,Male,MTO,T2_vs_T4,True,True,True,True,False,False
Llama A,P017,Male,Customer Relationship Manager,T1_vs_T3,True,True,True,True,False,False
Llama A,P017,Male,Customer Relationship Manager,T2_vs_T4,True,True,True,True,False,False
Llama A,P018,Male,Actor,T1_vs_T3,True,True,False,False,False,False
Llama A,P018,Male,Actor,T2_vs_T4,True,True,True,True,False,False
Llama A,P018,Male,Receptionist,T1_vs_T3,True,True,True,True,False,False
Llama A,P018,Male,Receptionist,T2_vs_T4,True,True,True,True,False,False
Llama A,P018,Male,Air Hostess,T1_vs_T3,True,True,False,False,False,False
Llama A,P018,Male,Air Hostess,T2_vs_T4,True,True,True,True,False,False
Llama A,P018,Male,MTO,T1_vs_T3,True,True,True,True,False,False
Llama A,P018,Male,MTO,T2_vs_T4,True,True,True,True,False,False
Llama A,P018,Male,Customer Relationship Manager,T1_vs_T3,True,True,True,True,False,False
Llama A,P018,Male,Customer Relationship Manager,T2_vs_T4,True,True,True,True,False,False
Llama A,P019,Male,Actor,T1_vs_T3,True,True,False,False,False,False
Llama A,P019,Male,Actor,T2_vs_T4,True,True,True,True,False,False
Llama A,P019,Male,Receptionist,T1_vs_T3,True,True,True,True,False,False
Llama A,P019,Male,Receptionist,T2_vs_T4,True,True,True,True,False,False
Llama A,P019,Male,Air Hostess,T1_vs_T3,True,True,False,False,False,False
Llama A,P019,Male,Air Hostess,T2_vs_T4,True,True,True,True,False,False
Llama A,P019,Male,MTO,T1_vs_T3,True,True,True,True,False,False
Llama A,P019,Male,MTO,T2_vs_T4,True,True,True,True,False,False
Llama A,P019,Male,Customer Relationship Manager,T1_vs_T3,True,True,True,True,False,False
Llama A,P019,Male,Customer Relationship Manager,T2_vs_T4,True,True,True,True,False,False
Llama A,P020,Male,Actor,T1_vs_T3,True,True,False,False,False,False
Llama A,P020,Male,Actor,T2_vs_T4,True,True,True,True,False,False
Llama A,P020,Male,Receptionist,T1_vs_T3,True,True,True,True,False,False
Llama A,P020,Male,Receptionist,T2_vs_T4,True,True,True,True,False,False
Llama A,P020,Male,Air Hostess,T1_vs_T3,True,True,False,False,False,False
Llama A,P020,Male,Air Hostess,T2_vs_T4,True,True,True,True,False,False
Llama A,P020,Male,MTO,T1_vs_T3,True,True,True,True,False,False
Llama A,P020,Male,MTO,T2_vs_T4,True,True,True,True,False,False
Llama A,P020,Male,Customer Relationship Manager,T1_vs_T3,True,True,True,True,False,False
Llama A,P020,Male,Customer Relationship Manager,T2_vs_T4,True,True,True,True,False,False
Llama A,P021,Male,Actor,T1_vs_T3,True,True,False,False,False,False
Llama A,P021,Male,Actor,T2_vs_T4,True,True,True,True,False,False
Llama A,P021,Male,Receptionist,T1_vs_T3,True,True,True,True,False,False
Llama A,P021,Male,Receptionist,T2_vs_T4,True,True,True,True,False,False
Llama A,P021,Male,Air Hostess,T1_vs_T3,True,True,False,False,False,False
Llama A,P021,Male,Air Hostess,T2_vs_T4,True,True,True,True,False,False
Llama A,P021,Male,MTO,T1_vs_T3,True,True,True,True,False,False
Llama A,P021,Male,MTO,T2_vs_T4,True,True,True,True,False,False
Llama A,P021,Male,Customer Relationship Manager,T1_vs_T3,True,True,False,False,False,False
Llama A,P021,Male,Customer Relationship Manager,T2_vs_T4,True,True,True,True,False,False
Llama A,P022,Male,Actor,T1_vs_T3,True,True,False,False,False,False
Llama A,P022,Male,Actor,T2_vs_T4,True,True,True,True,False,False
Llama A,P022,Male,Receptionist,T1_vs_T3,True,True,True,True,False,False
Llama A,P022,Male,Receptionist,T2_vs_T4,True,True,True,True,False,False
Llama A,P022,Male,Air Hostess,T1_vs_T3,True,True,False,False,False,False
Llama A,P022,Male,Air Hostess,T2_vs_T4,True,True,True,True,False,False
Llama A,P022,Male,MTO,T1_vs_T3,True,True,False,False,False,False
Llama A,P022,Male,MTO,T2_vs_T4,True,True,True,True,False,False
Llama A,P022,Male,Customer Relationship Manager,T1_vs_T3,True,True,False,False,False,False
Llama A,P022,Male,Customer Relationship Manager,T2_vs_T4,True,True,True,True,False,False
Llama A,P023,Male,Actor,T1_vs_T3,True,True,False,False,False,False
Llama A,P023,Male,Actor,T2_vs_T4,True,True,True,True,False,False
Llama A,P023,Male,Receptionist,T1_vs_T3,True,True,True,True,False,False
Llama A,P023,Male,Receptionist,T2_vs_T4,True,True,True,True,False,False
Llama A,P023,Male,Air Hostess,T1_vs_T3,True,True,False,False,False,False
Llama A,P023,Male,Air Hostess,T2_vs_T4,True,True,True,True,False,False
Llama A,P023,Male,MTO,T1_vs_T3,True,True,True,True,False,False
Llama A,P023,Male,MTO,T2_vs_T4,True,True,True,True,False,False
Llama A,P023,Male,Customer Relationship Manager,T1_vs_T3,True,True,False,False,False,False
Llama A,P023,Male,Customer Relationship Manager,T2_vs_T4,True,True,True,True,False,False
Llama A,P024,Male,Actor,T1_vs_T3,True,True,False,False,False,False
Llama A,P024,Male,Actor,T2_vs_T4,True,True,True,True,False,False
Llama A,P024,Male,Receptionist,T1_vs_T3,True,True,True,True,False,False
Llama A,P024,Male,Receptionist,T2_vs_T4,True,True,True,True,False,False
Llama A,P024,Male,Air Hostess,T1_vs_T3,True,True,False,False,False,False
Llama A,P024,Male,Air Hostess,T2_vs_T4,True,True,True,True,False,False
Llama A,P024,Male,MTO,T1_vs_T3,True,True,True,True,False,False
Llama A,P024,Male,MTO,T2_vs_T4,True,True,True,True,False,False
Llama A,P024,Male,Customer Relationship Manager,T1_vs_T3,True,True,True,True,False,False
Llama A,P024,Male,Customer Relationship Manager,T2_vs_T4,True,True,True,True,False,False
Llama A,P025,Male,Actor,T1_vs_T3,True,True,False,False,False,False
Llama A,P025,Male,Actor,T2_vs_T4,True,True,True,True,False,False
Llama A,P025,Male,Receptionist,T1_vs_T3,True,True,True,True,False,False
Llama A,P025,Male,Receptionist,T2_vs_T4,True,True,True,True,False,False
Llama A,P025,Male,Air Hostess,T1_vs_T3,True,True,False,False,False,False
Llama A,P025,Male,Air Hostess,T2_vs_T4,True,True,True,True,False,False
Llama A,P025,Male,MTO,T1_vs_T3,True,True,True,True,False,False
Llama A,P025,Male,MTO,T2_vs_T4,True,True,True,True,False,False
Llama A,P025,Male,Customer Relationship Manager,T1_vs_T3,True,True,True,True,False,False
Llama A,P025,Male,Customer Relationship Manager,T2_vs_T4,True,True,True,True,False,False
Llama A,P026,Female,Actor,T1_vs_T3,True,True,True,True,False,False
Llama A,P026,Female,Actor,T2_vs_T4,True,True,True,True,False,False
Llama A,P026,Female,Receptionist,T1_vs_T3,True,True,True,True,False,False
Llama A,P026,Female,Receptionist,T2_vs_T4,True,True,True,True,False,False
Llama A,P026,Female,Air Hostess,T1_vs_T3,True,True,True,True,False,False
Llama A,P026,Female,Air Hostess,T2_vs_T4,True,True,True,True,False,False
Llama A,P026,Female,MTO,T1_vs_T3,True,True,True,True,False,False
Llama A,P026,Female,MTO,T2_vs_T4,True,True,True,True,False,False
Llama A,P026,Female,Customer Relationship Manager,T1_vs_T3,True,True,True,True,False,False
Llama A,P026,Female,Customer Relationship Manager,T2_vs_T4,True,True,True,True,False,False
Llama A,P027,Female,Actor,T1_vs_T3,True,True,False,False,False,False
Llama A,P027,Female,Actor,T2_vs_T4,True,True,True,True,False,False
Llama A,P027,Female,Receptionist,T1_vs_T3,True,True,True,True,False,False
Llama A,P027,Female,Receptionist,T2_vs_T4,True,True,True,True,False,False
Llama A,P027,Female,Air Hostess,T1_vs_T3,True,True,True,True,False,False
Llama A,P027,Female,Air Hostess,T2_vs_T4,True,True,True,True,False,False
Llama A,P027,Female,MTO,T1_vs_T3,True,True,True,True,False,False
Llama A,P027,Female,MTO,T2_vs_T4,True,True,True,True,False,False
Llama A,P027,Female,Customer Relationship Manager,T1_vs_T3,True,True,True,True,False,False
Llama A,P027,Female,Customer Relationship Manager,T2_vs_T4,True,True,True,True,False,False
Llama A,P028,Female,Actor,T1_vs_T3,True,True,True,True,False,False
Llama A,P028,Female,Actor,T2_vs_T4,True,True,True,True,False,False
Llama A,P028,Female,Receptionist,T1_vs_T3,True,True,True,True,False,False
Llama A,P028,Female,Receptionist,T2_vs_T4,True,True,True,True,False,False
Llama A,P028,Female,Air Hostess,T1_vs_T3,True,True,True,True,False,False
Llama A,P028,Female,Air Hostess,T2_vs_T4,True,True,True,True,False,False
Llama A,P028,Female,MTO,T1_vs_T3,True,True,True,True,False,False
Llama A,P028,Female,MTO,T2_vs_T4,True,True,True,True,False,False
Llama A,P028,Female,Customer Relationship Manager,T1_vs_T3,True,True,True,True,False,False
Llama A,P028,Female,Customer Relationship Manager,T2_vs_T4,True,True,True,True,False,False
Llama A,P029,Female,Actor,T1_vs_T3,True,True,True,True,False,False
Llama A,P029,Female,Actor,T2_vs_T4,True,True,True,True,False,False
Llama A,P029,Female,Receptionist,T1_vs_T3,True,True,True,True,False,False
Llama A,P029,Female,Receptionist,T2_vs_T4,True,True,True,True,False,False
Llama A,P029,Female,Air Hostess,T1_vs_T3,True,True,True,True,False,False
Llama A,P029,Female,Air Hostess,T2_vs_T4,True,True,True,True,False,False
Llama A,P029,Female,MTO,T1_vs_T3,True,True,True,True,False,False
Llama A,P029,Female,MTO,T2_vs_T4,True,True,True,True,False,False
Llama A,P029,Female,Customer Relationship Manager,T1_vs_T3,True,True,True,True,False,False
Llama A,P029,Female,Customer Relationship Manager,T2_vs_T4,True,True,True,True,False,False
Llama A,P030,Female,Actor,T1_vs_T3,True,True,True,True,False,False
Llama A,P030,Female,Actor,T2_vs_T4,True,True,True,True,False,False
Llama A,P030,Female,Receptionist,T1_vs_T3,True,True,True,True,False,False
Llama A,P030,Female,Receptionist,T2_vs_T4,True,True,True,True,False,False
Llama A,P030,Female,Air Hostess,T1_vs_T3,True,True,True,True,False,False
Llama A,P030,Female,Air Hostess,T2_vs_T4,True,True,True,True,False,False
Llama A,P030,Female,MTO,T1_vs_T3,True,True,True,True,False,False
Llama A,P030,Female,MTO,T2_vs_T4,True,True,True,True,False,False
Llama A,P030,Female,Customer Relationship Manager,T1_vs_T3,True,True,True,True,False,False
Llama A,P030,Female,Customer Relationship Manager,T2_vs_T4,True,True,True,True,False,False
Llama A,P031,Female,Actor,T1_vs_T3,True,True,False,False,False,False
Llama A,P031,Female,Actor,T2_vs_T4,True,True,True,True,False,False
Llama A,P031,Female,Receptionist,T1_vs_T3,True,True,True,True,False,False
Llama A,P031,Female,Receptionist,T2_vs_T4,True,True,True,True,False,False
Llama A,P031,Female,Air Hostess,T1_vs_T3,True,True,True,True,False,False
Llama A,P031,Female,Air Hostess,T2_vs_T4,True,True,True,True,False,False
Llama A,P031,Female,MTO,T1_vs_T3,True,True,True,True,False,False
Llama A,P031,Female,MTO,T2_vs_T4,True,True,True,True,False,False
Llama A,P031,Female,Customer Relationship Manager,T1_vs_T3,True,True,True,True,False,False
Llama A,P031,Female,Customer Relationship Manager,T2_vs_T4,True,True,True,True,False,False
Llama A,P032,Female,Actor,T1_vs_T3,True,True,True,True,False,False
Llama A,P032,Female,Actor,T2_vs_T4,True,True,True,True,False,False
Llama A,P032,Female,Receptionist,T1_vs_T3,True,True,True,True,False,False
Llama A,P032,Female,Receptionist,T2_vs_T4,True,True,True,True,False,False
Llama A,P032,Female,Air Hostess,T1_vs_T3,True,True,True,True,False,False
Llama A,P032,Female,Air Hostess,T2_vs_T4,True,True,True,True,False,False
Llama A,P032,Female,MTO,T1_vs_T3,True,True,True,True,False,False
Llama A,P032,Female,MTO,T2_vs_T4,True,True,True,True,False,False
Llama A,P032,Female,Customer Relationship Manager,T1_vs_T3,True,True,True,True,False,False
Llama A,P032,Female,Customer Relationship Manager,T2_vs_T4,True,True,True,True,False,False
Llama A,P033,Female,Actor,T1_vs_T3,True,True,False,False,False,False
Llama A,P033,Female,Actor,T2_vs_T4,True,True,True,True,False,False
Llama A,P033,Female,Receptionist,T1_vs_T3,True,True,True,True,False,False
Llama A,P033,Female,Receptionist,T2_vs_T4,True,True,True,True,False,False
Llama A,P033,Female,Air Hostess,T1_vs_T3,True,True,False,False,False,False
Llama A,P033,Female,Air Hostess,T2_vs_T4,True,True,True,True,False,False
Llama A,P033,Female,MTO,T1_vs_T3,True,True,True,True,False,False
Llama A,P033,Female,MTO,T2_vs_T4,True,True,True,True,False,False
Llama A,P033,Female,Customer Relationship Manager,T1_vs_T3,True,True,False,False,False,False
Llama A,P033,Female,Customer Relationship Manager,T2_vs_T4,True,True,True,True,False,False
Llama A,P034,Female,Actor,T1_vs_T3,True,True,True,True,False,False
Llama A,P034,Female,Actor,T2_vs_T4,True,True,True,True,False,False
Llama A,P034,Female,Receptionist,T1_vs_T3,True,True,True,True,False,False
Llama A,P034,Female,Receptionist,T2_vs_T4,True,True,True,True,False,False
Llama A,P034,Female,Air Hostess,T1_vs_T3,True,True,True,True,False,False
Llama A,P034,Female,Air Hostess,T2_vs_T4,True,True,True,True,False,False
Llama A,P034,Female,MTO,T1_vs_T3,True,True,True,True,False,False
Llama A,P034,Female,MTO,T2_vs_T4,True,True,True,True,False,False
Llama A,P034,Female,Customer Relationship Manager,T1_vs_T3,True,True,True,True,False,False
Llama A,P034,Female,Customer Relationship Manager,T2_vs_T4,True,True,True,True,False,False
Llama A,P035,Female,Actor,T1_vs_T3,True,True,False,False,False,False
Llama A,P035,Female,Actor,T2_vs_T4,True,True,True,True,False,False
Llama A,P035,Female,Receptionist,T1_vs_T3,True,True,True,True,False,False
Llama A,P035,Female,Receptionist,T2_vs_T4,True,True,True,True,False,False
Llama A,P035,Female,Air Hostess,T1_vs_T3,True,True,False,False,False,False
Llama A,P035,Female,Air Hostess,T2_vs_T4,True,True,True,True,False,False
Llama A,P035,Female,MTO,T1_vs_T3,True,True,True,True,False,False
Llama A,P035,Female,MTO,T2_vs_T4,True,True,True,True,False,False
Llama A,P035,Female,Customer Relationship Manager,T1_vs_T3,True,True,True,True,False,False
Llama A,P035,Female,Customer Relationship Manager,T2_vs_T4,True,True,True,True,False,False
Llama A,P036,Female,Actor,T1_vs_T3,True,True,True,True,False,False
Llama A,P036,Female,Actor,T2_vs_T4,True,True,True,True,False,False
Llama A,P036,Female,Receptionist,T1_vs_T3,True,True,True,True,False,False
Llama A,P036,Female,Receptionist,T2_vs_T4,True,True,True,True,False,False
Llama A,P036,Female,Air Hostess,T1_vs_T3,True,True,True,True,False,False
Llama A,P036,Female,Air Hostess,T2_vs_T4,True,True,True,True,False,False
Llama A,P036,Female,MTO,T1_vs_T3,True,True,True,True,False,False
Llama A,P036,Female,MTO,T2_vs_T4,True,True,True,True,False,False
Llama A,P036,Female,Customer Relationship Manager,T1_vs_T3,True,True,True,True,False,False
Llama A,P036,Female,Customer Relationship Manager,T2_vs_T4,True,True,True,True,False,False
Llama A,P037,Female,Actor,T1_vs_T3,True,True,True,True,False,False
Llama A,P037,Female,Actor,T2_vs_T4,True,True,True,True,False,False
Llama A,P037,Female,Receptionist,T1_vs_T3,True,True,True,True,False,False
Llama A,P037,Female,Receptionist,T2_vs_T4,True,True,True,True,False,False
Llama A,P037,Female,Air Hostess,T1_vs_T3,True,True,True,True,False,False
Llama A,P037,Female,Air Hostess,T2_vs_T4,True,True,True,True,False,False
Llama A,P037,Female,MTO,T1_vs_T3,True,True,True,True,False,False
Llama A,P037,Female,MTO,T2_vs_T4,True,True,True,True,False,False
Llama A,P037,Female,Customer Relationship Manager,T1_vs_T3,True,True,True,True,False,False
Llama A,P037,Female,Customer Relationship Manager,T2_vs_T4,True,True,True,True,False,False
Llama A,P038,Female,Actor,T1_vs_T3,True,True,False,False,False,False
Llama A,P038,Female,Actor,T2_vs_T4,True,True,True,True,False,False
Llama A,P038,Female,Receptionist,T1_vs_T3,True,True,True,True,False,False
Llama A,P038,Female,Receptionist,T2_vs_T4,True,True,True,True,False,False
Llama A,P038,Female,Air Hostess,T1_vs_T3,True,True,True,True,False,False
Llama A,P038,Female,Air Hostess,T2_vs_T4,True,True,True,True,False,False
Llama A,P038,Female,MTO,T1_vs_T3,True,True,True,True,False,False
Llama A,P038,Female,MTO,T2_vs_T4,True,True,True,True,False,False
Llama A,P038,Female,Customer Relationship Manager,T1_vs_T3,True,True,True,True,False,False
Llama A,P038,Female,Customer Relationship Manager,T2_vs_T4,True,True,True,True,False,False
Llama A,P039,Female,Actor,T1_vs_T3,True,True,True,True,False,False
Llama A,P039,Female,Actor,T2_vs_T4,True,True,True,True,False,False
Llama A,P039,Female,Receptionist,T1_vs_T3,True,True,True,True,False,False
Llama A,P039,Female,Receptionist,T2_vs_T4,True,True,True,True,False,False
Llama A,P039,Female,Air Hostess,T1_vs_T3,True,True,True,True,False,False
Llama A,P039,Female,Air Hostess,T2_vs_T4,True,True,True,True,False,False
Llama A,P039,Female,MTO,T1_vs_T3,True,True,True,True,False,False
Llama A,P039,Female,MTO,T2_vs_T4,True,True,True,True,False,False
Llama A,P039,Female,Customer Relationship Manager,T1_vs_T3,True,True,True,True,False,False
Llama A,P039,Female,Customer Relationship Manager,T2_vs_T4,True,True,True,True,False,False
Llama A,P040,Female,Actor,T1_vs_T3,True,True,False,False,False,False
Llama A,P040,Female,Actor,T2_vs_T4,True,True,True,True,False,False
Llama A,P040,Female,Receptionist,T1_vs_T3,True,True,True,True,False,False
Llama A,P040,Female,Receptionist,T2_vs_T4,True,True,True,True,False,False
Llama A,P040,Female,Air Hostess,T1_vs_T3,True,True,True,True,False,False
Llama A,P040,Female,Air Hostess,T2_vs_T4,True,True,True,True,False,False
Llama A,P040,Female,MTO,T1_vs_T3,True,True,True,True,False,False
Llama A,P040,Female,MTO,T2_vs_T4,True,True,True,True,False,False
Llama A,P040,Female,Customer Relationship Manager,T1_vs_T3,True,True,True,True,False,False
Llama A,P040,Female,Customer Relationship Manager,T2_vs_T4,True,True,True,True,False,False
Llama A,P041,Female,Actor,T1_vs_T3,True,True,True,True,False,False
Llama A,P041,Female,Actor,T2_vs_T4,True,True,True,True,False,False
Llama A,P041,Female,Receptionist,T1_vs_T3,True,True,True,True,False,False
Llama A,P041,Female,Receptionist,T2_vs_T4,True,True,True,True,False,False
Llama A,P041,Female,Air Hostess,T1_vs_T3,True,True,True,True,False,False
Llama A,P041,Female,Air Hostess,T2_vs_T4,True,True,True,True,False,False
Llama A,P041,Female,MTO,T1_vs_T3,True,True,True,True,False,False
Llama A,P041,Female,MTO,T2_vs_T4,True,True,True,True,False,False
Llama A,P041,Female,Customer Relationship Manager,T1_vs_T3,True,True,True,True,False,False
Llama A,P041,Female,Customer Relationship Manager,T2_vs_T4,True,True,True,True,False,False
Llama A,P042,Female,Actor,T1_vs_T3,True,True,True,True,False,False
Llama A,P042,Female,Actor,T2_vs_T4,True,True,True,True,False,False
Llama A,P042,Female,Receptionist,T1_vs_T3,True,True,True,True,False,False
Llama A,P042,Female,Receptionist,T2_vs_T4,True,True,True,True,False,False
Llama A,P042,Female,Air Hostess,T1_vs_T3,True,True,True,True,False,False
Llama A,P042,Female,Air Hostess,T2_vs_T4,True,True,True,True,False,False
Llama A,P042,Female,MTO,T1_vs_T3,True,True,True,True,False,False
Llama A,P042,Female,MTO,T2_vs_T4,True,True,True,True,False,False
Llama A,P042,Female,Customer Relationship Manager,T1_vs_T3,True,True,True,True,False,False
Llama A,P042,Female,Customer Relationship Manager,T2_vs_T4,True,True,True,True,False,False
Llama A,P043,Female,Actor,T1_vs_T3,True,True,False,False,False,False
Llama A,P043,Female,Actor,T2_vs_T4,True,True,True,True,False,False
Llama A,P043,Female,Receptionist,T1_vs_T3,True,True,True,True,False,False
Llama A,P043,Female,Receptionist,T2_vs_T4,True,True,True,True,False,False
Llama A,P043,Female,Air Hostess,T1_vs_T3,True,True,False,False,False,False
Llama A,P043,Female,Air Hostess,T2_vs_T4,True,True,True,True,False,False
Llama A,P043,Female,MTO,T1_vs_T3,True,True,True,True,False,False
Llama A,P043,Female,MTO,T2_vs_T4,True,True,True,True,False,False
Llama A,P043,Female,Customer Relationship Manager,T1_vs_T3,True,True,False,False,False,False
Llama A,P043,Female,Customer Relationship Manager,T2_vs_T4,True,True,True,True,False,False
Llama A,P044,Female,Actor,T1_vs_T3,True,True,True,True,False,False
Llama A,P044,Female,Actor,T2_vs_T4,True,True,True,True,False,False
Llama A,P044,Female,Receptionist,T1_vs_T3,True,True,True,True,False,False
Llama A,P044,Female,Receptionist,T2_vs_T4,True,True,True,True,False,False
Llama A,P044,Female,Air Hostess,T1_vs_T3,True,True,True,True,False,False
Llama A,P044,Female,Air Hostess,T2_vs_T4,True,True,True,True,False,False
Llama A,P044,Female,MTO,T1_vs_T3,True,True,True,True,False,False
Llama A,P044,Female,MTO,T2_vs_T4,True,True,True,True,False,False
Llama A,P044,Female,Customer Relationship Manager,T1_vs_T3,True,True,True,True,False,False
Llama A,P044,Female,Customer Relationship Manager,T2_vs_T4,True,True,True,True,False,False
Llama A,P045,Female,Actor,T1_vs_T3,True,True,True,True,False,False
Llama A,P045,Female,Actor,T2_vs_T4,True,True,True,True,False,False
Llama A,P045,Female,Receptionist,T1_vs_T3,True,True,True,True,False,False
Llama A,P045,Female,Receptionist,T2_vs_T4,True,True,True,True,False,False
Llama A,P045,Female,Air Hostess,T1_vs_T3,True,True,True,True,False,False
Llama A,P045,Female,Air Hostess,T2_vs_T4,True,True,True,True,False,False
Llama A,P045,Female,MTO,T1_vs_T3,True,True,True,True,False,False
Llama A,P045,Female,MTO,T2_vs_T4,True,True,True,True,False,False
Llama A,P045,Female,Customer Relationship Manager,T1_vs_T3,True,True,True,True,False,False
Llama A,P045,Female,Customer Relationship Manager,T2_vs_T4,True,True,True,True,False,False
Llama A,P046,Female,Actor,T1_vs_T3,True,True,False,False,False,False
Llama A,P046,Female,Actor,T2_vs_T4,True,True,True,True,False,False
Llama A,P046,Female,Receptionist,T1_vs_T3,True,True,True,True,False,False
Llama A,P046,Female,Receptionist,T2_vs_T4,True,True,True,True,False,False
Llama A,P046,Female,Air Hostess,T1_vs_T3,True,True,False,False,False,False
Llama A,P046,Female,Air Hostess,T2_vs_T4,True,True,True,True,False,False
Llama A,P046,Female,MTO,T1_vs_T3,True,True,True,True,False,False
Llama A,P046,Female,MTO,T2_vs_T4,True,True,True,True,False,False
Llama A,P046,Female,Customer Relationship Manager,T1_vs_T3,True,True,True,True,False,False
Llama A,P046,Female,Customer Relationship Manager,T2_vs_T4,True,True,True,True,False,False
Llama A,P047,Female,Actor,T1_vs_T3,True,True,False,False,False,False
Llama A,P047,Female,Actor,T2_vs_T4,True,True,True,True,False,False
Llama A,P047,Female,Receptionist,T1_vs_T3,True,True,True,True,False,False
Llama A,P047,Female,Receptionist,T2_vs_T4,True,True,True,True,False,False
Llama A,P047,Female,Air Hostess,T1_vs_T3,True,True,False,False,False,False
Llama A,P047,Female,Air Hostess,T2_vs_T4,True,True,True,True,False,False
Llama A,P047,Female,MTO,T1_vs_T3,True,True,True,True,False,False
Llama A,P047,Female,MTO,T2_vs_T4,True,True,True,True,False,False
Llama A,P047,Female,Customer Relationship Manager,T1_vs_T3,True,True,True,True,False,False
Llama A,P047,Female,Customer Relationship Manager,T2_vs_T4,True,True,True,True,False,False
Llama A,P048,Female,Actor,T1_vs_T3,True,True,False,False,False,False
Llama A,P048,Female,Actor,T2_vs_T4,True,True,True,True,False,False
Llama A,P048,Female,Receptionist,T1_vs_T3,True,True,True,True,False,False
Llama A,P048,Female,Receptionist,T2_vs_T4,True,True,True,True,False,False
Llama A,P048,Female,Air Hostess,T1_vs_T3,True,True,False,False,False,False
Llama A,P048,Female,Air Hostess,T2_vs_T4,True,True,True,True,False,False
Llama A,P048,Female,MTO,T1_vs_T3,True,True,True,True,False,False
Llama A,P048,Female,MTO,T2_vs_T4,True,True,True,True,False,False
Llama A,P048,Female,Customer Relationship Manager,T1_vs_T3,True,True,True,True,False,False
Llama A,P048,Female,Customer Relationship Manager,T2_vs_T4,True,True,True,True,False,False
Llama A,P049,Female,Actor,T1_vs_T3,True,True,False,False,False,False
Llama A,P049,Female,Actor,T2_vs_T4,True,True,True,True,False,False
Llama A,P049,Female,Receptionist,T1_vs_T3,True,True,True,True,False,False
Llama A,P049,Female,Receptionist,T2_vs_T4,True,True,True,True,False,False
Llama A,P049,Female,Air Hostess,T1_vs_T3,True,True,True,True,False,False
Llama A,P049,Female,Air Hostess,T2_vs_T4,True,True,True,True,False,False
Llama A,P049,Female,MTO,T1_vs_T3,True,True,True,True,False,False
Llama A,P049,Female,MTO,T2_vs_T4,True,True,True,True,False,False
Llama A,P049,Female,Customer Relationship Manager,T1_vs_T3,True,True,True,True,False,False
Llama A,P049,Female,Customer Relationship Manager,T2_vs_T4,True,True,True,True,False,False
Llama A,P050,Female,Actor,T1_vs_T3,True,True,False,False,False,False
Llama A,P050,Female,Actor,T2_vs_T4,True,True,True,True,False,False
Llama A,P050,Female,Receptionist,T1_vs_T3,True,True,True,True,False,False
Llama A,P050,Female,Receptionist,T2_vs_T4,True,True,True,True,False,False
Llama A,P050,Female,Air Hostess,T1_vs_T3,True,True,True,True,False,False
Llama A,P050,Female,Air Hostess,T2_vs_T4,True,True,True,True,False,False
Llama A,P050,Female,MTO,T1_vs_T3,True,True,True,True,False,False
Llama A,P050,Female,MTO,T2_vs_T4,True,True,True,True,False,False
Llama A,P050,Female,Customer Relationship Manager,T1_vs_T3,True,True,True,True,False,False
Llama A,P050,Female,Customer Relationship Manager,T2_vs_T4,True,True,True,True,False,False
